Glacier,Date,Predicted_SSP1_2.6,Predicted_SSP2_4.5,Predicted_SSP5_8.5
Langfjordjokelen,2015-01-01,-0.03927446425919708,-0.12086601147822745,-0.11742940105077188
Langfjordjokelen,2015-02-01,0.07392823249355165,0.037578718128734166,-0.009174703350188166
Langfjordjokelen,2015-03-01,-0.032089477131781764,0.0009002851930721307,-0.07322429124227549
Langfjordjokelen,2015-04-01,0.14759057075620932,-0.12912021554649158,-0.10442641619088049
Langfjordjokelen,2015-05-01,0.09305474694366274,-0.06872175759753861,-0.04325181864248253
Langfjordjokelen,2015-06-01,-0.04461812809451778,-0.11256378807084522,0.01224960495159301
Langfjordjokelen,2015-07-01,0.002266271548490411,-0.007898280352143744,0.009440501348262645
Langfjordjokelen,2015-08-01,-0.03604453243054514,-0.09991479980258362,-0.010554165840032563
Langfjordjokelen,2015-09-01,0.0307940168851769,-0.06759977041459601,-0.1528322918348607
Langfjordjokelen,2015-10-01,-0.024636228234690402,-0.05457763395959938,0.02174046706902349
Langfjordjokelen,2015-11-01,-0.1845714451487718,-0.0022064146557557195,-0.038096637555506456
Langfjordjokelen,2015-12-01,-0.19663799768763568,-0.11941949235433418,0.038035328207390175
Langfjordjokelen,2016-01-01,-0.06635998373781328,-0.0633032122141723,0.049306056616429804
Langfjordjokelen,2016-02-01,0.06319331898991302,0.018121080016569795,0.010809537958638338
Langfjordjokelen,2016-03-01,-0.05763723810741275,-0.025229181591560984,-0.1196131820538377
Langfjordjokelen,2016-04-01,-0.0465740381274966,-0.04117708613931439,-0.11704668323407164
Langfjordjokelen,2016-05-01,0.009045598621935528,-0.09528469471664908,-0.07270618532911333
Langfjordjokelen,2016-06-01,-0.03857775814648445,-0.036849863200347055,-0.03554280822526006
Langfjordjokelen,2016-07-01,-0.031698042775994244,-0.06502296838480963,-0.07227952375152887
Langfjordjokelen,2016-08-01,-0.0693653520033587,0.013526006284730219,-0.04145999350507242
Langfjordjokelen,2016-09-01,-0.08410223814409445,-0.15797219442699215,-0.08157911465707683
Langfjordjokelen,2016-10-01,-0.06578051144685428,0.023658749031359286,-0.04739124007956613
Langfjordjokelen,2016-11-01,-0.08985836066515203,-0.09212519707164597,-0.09754020666527428
Langfjordjokelen,2016-12-01,-0.041237405314072245,-0.05985446508117633,0.015716500539221162
Langfjordjokelen,2017-01-01,0.03657392256171765,-0.1026720435096977,-0.03333961364028452
Langfjordjokelen,2017-02-01,-0.02232933009457642,0.024452123643867587,-0.0163735037252536
Langfjordjokelen,2017-03-01,0.07802649243274713,0.02248166544709848,0.08170414425650756
Langfjordjokelen,2017-04-01,-0.07912279381603092,0.010088264742078476,0.07760954591244086
Langfjordjokelen,2017-05-01,0.02278019736793895,-0.07874783990252353,-0.023122993664667583
Langfjordjokelen,2017-06-01,-0.005196179038222728,-0.0090252307873368,-0.04552321832661784
Langfjordjokelen,2017-07-01,0.022141944070588476,-0.0331703326145511,-0.040602390473269294
Langfjordjokelen,2017-08-01,-0.17111191412409343,-0.05853090042637899,-0.09792042430123349
Langfjordjokelen,2017-09-01,0.05853548006378759,-0.08017160576137815,-0.010102729403578448
Langfjordjokelen,2017-10-01,0.06883479283847241,0.16274744111301012,-0.05831685616259066
Langfjordjokelen,2017-11-01,-0.09919016390830225,-0.08877852690917591,-0.06815584217295852
Langfjordjokelen,2017-12-01,-0.07169099253232149,-0.0513289292468711,0.03296795588039208
Langfjordjokelen,2018-01-01,-0.029970248783433406,0.0045428518119586744,-0.10058464875167265
Langfjordjokelen,2018-02-01,-0.047497320219421706,-0.09939286005751635,-0.024791571057456357
Langfjordjokelen,2018-03-01,-0.12754271850616183,-0.006659781832375279,-0.00479711737155205
Langfjordjokelen,2018-04-01,-0.007199156469410793,-0.09239619688477103,-0.11458210053561046
Langfjordjokelen,2018-05-01,-0.002500974211026165,-0.011848503253998123,-0.009151814320161199
Langfjordjokelen,2018-06-01,0.009756682944494187,0.10918173746822507,-0.11742721161368684
Langfjordjokelen,2018-07-01,-0.06193721061115798,0.018432970932219704,-0.08149081553307669
Langfjordjokelen,2018-08-01,0.09462438780905204,0.060855116174683054,-0.07788727343433889
Langfjordjokelen,2018-09-01,0.01830862516686631,-0.042471373029334285,-0.05071604391485476
Langfjordjokelen,2018-10-01,-0.01778335297948556,-0.013351169861774715,-0.20042229317751356
Langfjordjokelen,2018-11-01,-0.047518800125240714,-0.07293077589869555,-0.306996341927584
Langfjordjokelen,2018-12-01,-0.039782181518795055,-0.14372028883462684,-0.1931494213312043
Langfjordjokelen,2019-01-01,0.02525309760824448,0.13129135554579174,-0.058163353075847
Langfjordjokelen,2019-02-01,-0.1898471515767429,-0.03934010872043343,-0.0034484327611061425
Langfjordjokelen,2019-03-01,-0.003308291197229319,-0.10583190483207583,-0.0685222824824485
Langfjordjokelen,2019-04-01,0.07282915319472862,-0.07482875984173541,-0.03827836258777679
Langfjordjokelen,2019-05-01,-0.08706623269488466,-0.00564346353917005,-0.03322335777956746
Langfjordjokelen,2019-06-01,-0.08296442279183248,-0.017410473628261005,-0.04394750002213177
Langfjordjokelen,2019-07-01,0.0012670082546496278,-0.050092820768495305,-0.08664607577556982
Langfjordjokelen,2019-08-01,-0.12775243070569062,-0.04371666330863094,-0.12555501417022116
Langfjordjokelen,2019-09-01,-0.0480383496061118,0.014007451215842482,-0.06222597808940963
Langfjordjokelen,2019-10-01,0.06746699442597463,-0.12685596877310404,-0.1633075720574065
Langfjordjokelen,2019-11-01,-0.11880382668915462,-0.0254440384796992,-0.019518604971726663
Langfjordjokelen,2019-12-01,0.14364520868204628,0.045969412458475134,-0.11422985244943006
Langfjordjokelen,2020-01-01,0.1643904087081227,0.21481120051398847,-0.132607111416574
Langfjordjokelen,2020-02-01,0.030930034229489076,0.01792673404383952,-0.10797328938730101
Langfjordjokelen,2020-03-01,-0.18350150972608156,0.07529729701524611,-0.08425880376154686
Langfjordjokelen,2020-04-01,-0.097357549655537,-0.1105838496753796,0.024411127016490227
Langfjordjokelen,2020-05-01,-0.048014586661552484,-0.02006239919806321,0.01239350617271714
Langfjordjokelen,2020-06-01,0.07166580012270575,0.021739005522522892,-0.12080079719898308
Langfjordjokelen,2020-07-01,-0.07423850906203566,0.04598209630820855,-0.01576494908962661
Langfjordjokelen,2020-08-01,-0.004221025760927702,0.01901643232725249,-0.023312396918861417
Langfjordjokelen,2020-09-01,0.08894131506658966,-0.04299963526493442,-0.12368359392308094
Langfjordjokelen,2020-10-01,0.0880895462060083,-0.22973555808857357,-0.10536393338145895
Langfjordjokelen,2020-11-01,0.026308606603108648,-0.015412338973933007,-0.1122824304849918
Langfjordjokelen,2020-12-01,-0.16285726500781159,0.1120958411739378,0.13825511552300854
Langfjordjokelen,2021-01-01,-0.012998886114993037,0.059761251984762204,-0.1304628688543391
Langfjordjokelen,2021-02-01,0.04060725504458543,-0.12374766878472472,0.01663847663594013
Langfjordjokelen,2021-03-01,0.12086923129168232,-0.11652290997293457,0.05996015899536533
Langfjordjokelen,2021-04-01,-0.06733809283874674,0.05828231558666915,0.015256803269204857
Langfjordjokelen,2021-05-01,-0.13231774741161753,-0.07938699226529801,0.009370179146802321
Langfjordjokelen,2021-06-01,-0.10904867758026189,-0.09526464716851692,0.04213929248015862
Langfjordjokelen,2021-07-01,-0.034529368537919436,-0.018910832346629557,0.012216242408626371
Langfjordjokelen,2021-08-01,-0.017836100651235694,-0.017686591862503192,-0.10269895421857843
Langfjordjokelen,2021-09-01,0.03441117645795499,-0.03100945696260569,-0.22857649142947015
Langfjordjokelen,2021-10-01,-0.08120747016269747,-0.08268527269634997,0.10278570431433703
Langfjordjokelen,2021-11-01,-0.15168404244111341,-0.018905251778568458,0.07827193895626326
Langfjordjokelen,2021-12-01,-0.046964614223889777,-0.10216580704416366,-0.018146475136162993
Langfjordjokelen,2022-01-01,-0.08053391899709707,-0.07083402047351443,0.01608601800927303
Langfjordjokelen,2022-02-01,0.049711467538022525,0.09914415036699063,0.0018412081763107616
Langfjordjokelen,2022-03-01,-0.17511107726662922,0.029973792477303477,0.004918877475080348
Langfjordjokelen,2022-04-01,-0.16781681985361008,-0.11396756722884906,0.020007103574160464
Langfjordjokelen,2022-05-01,-0.04747329218169504,-0.03840975875364103,-0.028787543317268783
Langfjordjokelen,2022-06-01,-0.05227524600470851,-0.031513045917633035,0.06992555771192854
Langfjordjokelen,2022-07-01,0.0032009459845926333,-0.04478525640287292,-0.07801151630631693
Langfjordjokelen,2022-08-01,-0.061307378994204666,-0.04579299466554159,-0.23933878683735801
Langfjordjokelen,2022-09-01,-0.165474257051786,-0.020566683133752785,0.027155226059845727
Langfjordjokelen,2022-10-01,-0.032900105411409426,-0.13011144309129474,-0.007715257206436728
Langfjordjokelen,2022-11-01,-0.13536042732623396,0.03157765619292482,-0.03495037400829897
Langfjordjokelen,2022-12-01,-0.008748597272666544,-0.2017160774255716,-0.12941759904517655
Langfjordjokelen,2023-01-01,-0.11521593078950443,-0.05105057801180446,-0.1291576274390994
Langfjordjokelen,2023-02-01,-0.07555320444646413,-0.12207107391093462,0.024024732869013077
Langfjordjokelen,2023-03-01,-0.07963887222692538,0.03887418938065395,-0.12073126309521537
Langfjordjokelen,2023-04-01,0.007515828570594782,-0.048472204043110194,-0.06475522109777473
Langfjordjokelen,2023-05-01,-0.008970543443276318,0.055698030207961415,-0.04417879012350969
Langfjordjokelen,2023-06-01,0.06761506579690812,-0.13184348152391628,0.0016618370256507795
Langfjordjokelen,2023-07-01,0.051906000341918584,-0.005804970985333699,-0.01705132047089508
Langfjordjokelen,2023-08-01,-0.002287159122973723,-0.03817710202288966,-0.0031922992352664942
Langfjordjokelen,2023-09-01,-0.1020321784247733,0.05894267405203286,-0.15565625433790276
Langfjordjokelen,2023-10-01,-0.057931889242192496,-0.026585725553395733,-0.12465675058810292
Langfjordjokelen,2023-11-01,0.09598195352686045,0.09475950174208943,-0.16264360114446433
Langfjordjokelen,2023-12-01,-0.05966820491153896,0.08664876011885113,0.014946157508268984
Langfjordjokelen,2024-01-01,0.026718406391319394,-0.06224956102110505,0.10779190841530055
Langfjordjokelen,2024-02-01,-0.05083978553976027,0.1404518893771198,-0.05104586732531605
Langfjordjokelen,2024-03-01,0.12057864956320478,-0.14209769823236976,0.021245930714395452
Langfjordjokelen,2024-04-01,-0.036746575855948684,-0.01656761815312573,-0.1244607936769469
Langfjordjokelen,2024-05-01,-0.013546884483545353,0.04899798345057327,-0.008524241256011573
Langfjordjokelen,2024-06-01,0.09667187171557151,-0.07377190142310679,-0.07507868300529523
Langfjordjokelen,2024-07-01,-0.02287259425029842,-0.06959097425064552,-0.0384942062138051
Langfjordjokelen,2024-08-01,-0.07736359301290037,0.03701359566255682,-0.017104260694710535
Langfjordjokelen,2024-09-01,-0.0096637976746069,-0.1615974669348294,-0.025021219340016804
Langfjordjokelen,2024-10-01,-0.010375627310854204,0.03452094504088325,0.048146096137772404
Langfjordjokelen,2024-11-01,-0.02759644441195393,-0.010427561877185167,-0.07372654383535648
Langfjordjokelen,2024-12-01,-0.20582854075589252,0.04348018277469379,0.009887688765240725
Langfjordjokelen,2025-01-01,0.06443742713737653,-0.12320370650886325,-0.09962650630834656
Langfjordjokelen,2025-02-01,0.050126663279227913,0.061564278525961545,-0.060427003949319824
Langfjordjokelen,2025-03-01,-0.058554979089657476,-0.22573704067633274,-0.054980681848978835
Langfjordjokelen,2025-04-01,-0.10182914339823253,-0.05650054283123945,0.029270549573945318
Langfjordjokelen,2025-05-01,-0.12142292742503187,-0.09095602164610415,-0.01623204658775072
Langfjordjokelen,2025-06-01,-0.0346892144501269,-0.0546015439930164,-0.047832311635431495
Langfjordjokelen,2025-07-01,0.16323913133672346,-0.14227592978258627,-0.10414623313669924
Langfjordjokelen,2025-08-01,-0.09863047965904935,-0.08634395278581075,0.0248127566459634
Langfjordjokelen,2025-09-01,0.10165190435236504,-0.046279173041790335,0.03643310965737904
Langfjordjokelen,2025-10-01,-0.19499625306563498,0.03186084244910623,-0.12325728057135445
Langfjordjokelen,2025-11-01,0.07595964402697729,0.00716744861887738,-0.07352681294508767
Langfjordjokelen,2025-12-01,0.060028705930988774,-0.015792967101272377,0.07888421829752539
Langfjordjokelen,2026-01-01,-0.06672405914679085,-0.024925801776338227,0.026693505003457848
Langfjordjokelen,2026-02-01,-0.0009589156158365877,-0.12694776977483813,0.02686906801334223
Langfjordjokelen,2026-03-01,-0.09101133098177201,-0.0013440719508135274,-0.029454719770712748
Langfjordjokelen,2026-04-01,-0.0778860038262821,-0.04701703265093837,-0.03894496533976206
Langfjordjokelen,2026-05-01,0.013093687093702344,0.06352704429982019,-0.033985386911643045
Langfjordjokelen,2026-06-01,0.011877513027872275,0.12930087555664552,0.01398285329643246
Langfjordjokelen,2026-07-01,-0.07147052203615419,0.01611202902777355,-0.09478729673333021
Langfjordjokelen,2026-08-01,0.08038433051703554,0.02971949749381877,-0.05037370465975064
Langfjordjokelen,2026-09-01,0.018625925171041887,-0.0402663050402897,-0.15083507329719006
Langfjordjokelen,2026-10-01,0.056923871197067454,0.04246028805510976,-0.02827935163802751
Langfjordjokelen,2026-11-01,0.032057268984658466,0.016477110236910644,0.08571607861287867
Langfjordjokelen,2026-12-01,-0.08174701920030238,0.07464973641277702,-0.08919824496784867
Langfjordjokelen,2027-01-01,-0.03920518501740014,-0.043601675986801085,0.06914833083359938
Langfjordjokelen,2027-02-01,0.004482500945289451,-0.012932828316668268,-0.08464556732586752
Langfjordjokelen,2027-03-01,-0.1270009834006123,0.18125732457018282,0.0457614058981081
Langfjordjokelen,2027-04-01,-0.0764869939711228,0.04941166947312286,-0.009344383861362755
Langfjordjokelen,2027-05-01,0.06423074873942737,-0.04589618857447203,-0.06448612644587033
Langfjordjokelen,2027-06-01,-0.10232825999295038,0.016951982291241785,0.10660329978748014
Langfjordjokelen,2027-07-01,-0.029908865104565686,0.01648917745611672,-0.02027742623963391
Langfjordjokelen,2027-08-01,-0.05519571483634981,-0.04746647719973845,0.035080815082397326
Langfjordjokelen,2027-09-01,-0.09059519357137373,-0.11667010658542555,-0.005711181773773011
Langfjordjokelen,2027-10-01,0.025424249700273252,0.12942051412504263,-0.1151438028963957
Langfjordjokelen,2027-11-01,0.016389349775677114,0.11366074120247453,-0.01638878286400163
Langfjordjokelen,2027-12-01,-0.08597385646845568,0.051122173308579155,0.009911123141713033
Langfjordjokelen,2028-01-01,-0.10876585061931891,-0.07138648067179791,-0.01272486053099735
Langfjordjokelen,2028-02-01,0.014453038482311132,-0.0343303163333657,0.044381783204365616
Langfjordjokelen,2028-03-01,-0.07424902690965303,-0.018489115563257906,-0.020223967535351783
Langfjordjokelen,2028-04-01,-0.017649558280989557,-0.03884896550677847,-0.11084386216043367
Langfjordjokelen,2028-05-01,-0.13657157666000855,-0.07363706305085697,0.04578554873872661
Langfjordjokelen,2028-06-01,-0.03367886212992636,0.0368403403011383,-0.06371710461415565
Langfjordjokelen,2028-07-01,0.024917454879156403,-0.005642882125082585,-0.06659404322681953
Langfjordjokelen,2028-08-01,-0.08620320014815759,-0.092450510453756,-0.02642484253238696
Langfjordjokelen,2028-09-01,-0.10853182285107554,-0.04433993389752128,-0.16936759563311676
Langfjordjokelen,2028-10-01,0.04525460742156697,-0.12451480056968378,-0.03720283583155034
Langfjordjokelen,2028-11-01,-0.06825981240795435,-0.022984386487177936,-0.005115895130138488
Langfjordjokelen,2028-12-01,0.06802222682022778,-0.11482466693729071,-0.10785585092228038
Langfjordjokelen,2029-01-01,-0.019753694745095963,-0.1295352249301662,-0.0639347494855911
Langfjordjokelen,2029-02-01,-0.17315498127900683,-0.06156233447265954,-0.018334465698916776
Langfjordjokelen,2029-03-01,-0.0255116672963403,0.0017581279335809052,-0.0854279674250556
Langfjordjokelen,2029-04-01,0.07467914098641922,0.012749623572391231,-0.06213977730393664
Langfjordjokelen,2029-05-01,0.03256187063970903,-0.11411262839183704,0.07870867399554822
Langfjordjokelen,2029-06-01,0.04923694128082066,-0.07721797764566514,-0.12491435341819317
Langfjordjokelen,2029-07-01,-0.028394369152745288,-0.04132898456984683,-0.013347438741793923
Langfjordjokelen,2029-08-01,-0.08207559491341983,-0.009190392971784976,-0.047349124869059296
Langfjordjokelen,2029-09-01,-0.03648092204243802,-0.02471959611224382,-0.11541003493788238
Langfjordjokelen,2029-10-01,-0.09238173160591462,-0.04851967172037706,-0.07121933285236087
Langfjordjokelen,2029-11-01,0.01644465479906178,-0.0479130022158328,-0.1732033080785286
Langfjordjokelen,2029-12-01,0.05968289122719194,-0.04374276405514451,-0.03880669983586898
Langfjordjokelen,2030-01-01,-0.0048495371747329956,0.01999403610960893,-0.15357423772395037
Langfjordjokelen,2030-02-01,-0.05678501585829243,0.01640455900456847,-0.041841083663241456
Langfjordjokelen,2030-03-01,-0.03288044082820838,-0.13050354074803153,0.04939694213987115
Langfjordjokelen,2030-04-01,-0.12691793617014105,0.15804006307012017,0.02128648179386049
Langfjordjokelen,2030-05-01,0.08335370616278248,-0.057529851916518,0.03590532870521101
Langfjordjokelen,2030-06-01,-0.08862245508876433,0.021397223232012094,0.01322566495191095
Langfjordjokelen,2030-07-01,-0.07168309402429662,-0.04458931669726838,-0.07882949925401013
Langfjordjokelen,2030-08-01,0.007819375544751652,-0.007004985847896603,0.06660615901198606
Langfjordjokelen,2030-09-01,-0.04423836067381818,-0.15471553812826236,-0.15144645382655011
Langfjordjokelen,2030-10-01,-0.01946802352861694,-0.04881405260537778,-0.07377285957288117
Langfjordjokelen,2030-11-01,-0.010614370981002949,-0.14837524605937988,0.03507074343284456
Langfjordjokelen,2030-12-01,-0.042744972840288976,-0.02709984897165151,-0.09675541703259156
Langfjordjokelen,2031-01-01,-0.06488665742682871,-0.12186841132796235,-0.0899562967573449
Langfjordjokelen,2031-02-01,-0.11272708959274115,0.02942818141068353,0.12537575660938202
Langfjordjokelen,2031-03-01,-0.10057740390482102,-0.10630749643510623,0.00533477934735932
Langfjordjokelen,2031-04-01,-0.07495400269793041,-0.0055616165843142855,0.01148170877285893
Langfjordjokelen,2031-05-01,-0.10353988887120341,-0.05215269467903447,-0.12694228656001674
Langfjordjokelen,2031-06-01,-0.10689142988772217,0.039018679983958374,-0.1918771633408293
Langfjordjokelen,2031-07-01,0.05211708998853002,0.05987961365356007,0.043235528520316334
Langfjordjokelen,2031-08-01,0.0684391844691212,-0.0963252134388874,-0.11084589041450836
Langfjordjokelen,2031-09-01,-0.08628128164091294,-0.028523374435235577,-0.004630343673290027
Langfjordjokelen,2031-10-01,-0.014720331882508533,-0.12114511716138958,-0.21257468135253177
Langfjordjokelen,2031-11-01,0.053838542480456254,-0.049429566575618256,-0.05105385645785864
Langfjordjokelen,2031-12-01,-0.08431736890839266,-0.01636328023799148,-0.04300880964389344
Langfjordjokelen,2032-01-01,0.05505006463418497,0.04349717469259976,-0.2013970641752247
Langfjordjokelen,2032-02-01,0.039744375558793496,0.016021503328268936,-0.026309328321757374
Langfjordjokelen,2032-03-01,-0.0624170963262593,-0.058982877629457475,-0.13285707757773993
Langfjordjokelen,2032-04-01,-0.06468536321783616,-0.05471717896379268,-0.005688664885385959
Langfjordjokelen,2032-05-01,-0.10358605846196661,-0.13088002412912877,-0.10891422757109176
Langfjordjokelen,2032-06-01,-0.015372728825398203,-0.04994655567650782,-0.06943889118300105
Langfjordjokelen,2032-07-01,-0.007367246728429891,0.06004083955181222,-0.040329943731288835
Langfjordjokelen,2032-08-01,-0.0014075465090651468,-0.024864101510477844,-0.12784750118043758
Langfjordjokelen,2032-09-01,-0.19263381512138245,-0.06948087236024768,-0.0906800635806434
Langfjordjokelen,2032-10-01,0.02955017775125569,-0.1808196070017777,0.03685171616783675
Langfjordjokelen,2032-11-01,0.11490217271531954,-0.027184442240709,-0.10953198130624171
Langfjordjokelen,2032-12-01,-0.18693568916416844,-0.0008955772640292561,-0.1560018414207329
Langfjordjokelen,2033-01-01,-0.1267711856354535,-0.1927823991398612,-0.009834213556346276
Langfjordjokelen,2033-02-01,-0.0035630317827305713,0.04390521479782337,0.10097898095756168
Langfjordjokelen,2033-03-01,0.07462322094812433,-0.10480944303491078,0.0010729091383661511
Langfjordjokelen,2033-04-01,-0.12701047157945122,-0.05171106875380688,-0.1765888633088745
Langfjordjokelen,2033-05-01,-0.1045107450442076,0.020756838215014606,0.033246303228380035
Langfjordjokelen,2033-06-01,-0.1077509773675883,0.011641166518594972,-0.056693380005636985
Langfjordjokelen,2033-07-01,-0.12547976027877064,-0.15221224370137806,-0.08658202819776277
Langfjordjokelen,2033-08-01,-0.04123792465118136,0.0455815333159121,0.06750757702242056
Langfjordjokelen,2033-09-01,-1.778252263018541e-05,0.11188091190036921,0.06850159502016799
Langfjordjokelen,2033-10-01,-0.018913698894343762,0.06344695237603261,-0.023518567257523538
Langfjordjokelen,2033-11-01,-0.08215080755981431,-0.028146142141922542,0.012569820995351103
Langfjordjokelen,2033-12-01,0.012329383377933276,0.01667634566854083,-0.05770531843643787
Langfjordjokelen,2034-01-01,-0.0479869091992704,-0.06993030378025862,0.054588914228643905
Langfjordjokelen,2034-02-01,-0.047828023524978815,-0.09916506066095754,-0.08937335267375524
Langfjordjokelen,2034-03-01,0.05466335568495976,0.127739621079662,-0.0014577487599087811
Langfjordjokelen,2034-04-01,-0.011943085470746947,0.05043283600840004,0.25723098975685554
Langfjordjokelen,2034-05-01,-0.03570607900407178,-0.14404536743388277,0.0015351404010878432
Langfjordjokelen,2034-06-01,-0.06348179803134373,-0.024885240307966124,-0.059463602784672
Langfjordjokelen,2034-07-01,-0.09420024563893609,0.01831462035778244,-0.021125525150260647
Langfjordjokelen,2034-08-01,0.005487587844027371,0.009833811080329047,-0.11655710838608906
Langfjordjokelen,2034-09-01,-0.13345186898776965,0.01928204695702232,0.03763723838540686
Langfjordjokelen,2034-10-01,-0.002036994469722534,-0.16140416182824735,-0.03933939064487781
Langfjordjokelen,2034-11-01,-0.003014981847262244,-0.182048788817703,-0.17047101417772692
Langfjordjokelen,2034-12-01,-0.020217414424904576,0.024105691245624856,-0.051319986398073066
Langfjordjokelen,2035-01-01,-0.12720211604684914,0.09178931136241586,-0.018219425184762907
Langfjordjokelen,2035-02-01,0.020128097612192027,-0.03991899716079065,0.013382507019538572
Langfjordjokelen,2035-03-01,-0.0954160930821258,-0.038735215414745915,0.0345009683079549
Langfjordjokelen,2035-04-01,-0.07577458586828283,-0.0755347703185623,0.018082820244618016
Langfjordjokelen,2035-05-01,-0.013342301007865027,-0.12861860363417676,-0.012536419943156013
Langfjordjokelen,2035-06-01,-0.01040475308254287,0.009278858226279704,0.08199837274363597
Langfjordjokelen,2035-07-01,-0.11126708447218998,0.006989647926804734,-0.03182422006457276
Langfjordjokelen,2035-08-01,-0.13793120065446457,0.002205994484640749,-0.07836771991953113
Langfjordjokelen,2035-09-01,0.031872353954740404,0.07736539990116201,-0.12823679959311587
Langfjordjokelen,2035-10-01,-0.12286846290416391,-0.22481003694986693,0.05761426755504074
Langfjordjokelen,2035-11-01,-0.059644828668706094,-0.12482995758544042,0.13889258638941734
Langfjordjokelen,2035-12-01,-0.2661435723279569,0.09234149860547929,-0.11004702852790504
Langfjordjokelen,2036-01-01,-0.0786252013246863,0.02384438287046171,-0.08763055095091686
Langfjordjokelen,2036-02-01,-0.19951148136775818,-0.07690784933577498,-0.14760343148315272
Langfjordjokelen,2036-03-01,-0.07366700575554429,-0.2121323345145865,-0.12907149108102797
Langfjordjokelen,2036-04-01,-0.10949564247290831,-0.0582423358595946,-0.11789806662905138
Langfjordjokelen,2036-05-01,0.05348792512419028,-0.03358868615818786,0.0216727824720115
Langfjordjokelen,2036-06-01,0.044183458673388944,-0.04663298260167117,-0.06331171460159685
Langfjordjokelen,2036-07-01,0.05288682310723184,-0.014261128963428536,-0.1419353857293538
Langfjordjokelen,2036-08-01,-0.08431400603654256,-0.0008859318506711858,0.006391566461974603
Langfjordjokelen,2036-09-01,-0.12583811395095948,0.06553277017833027,0.007044738359855816
Langfjordjokelen,2036-10-01,-0.12709211471551743,-0.07014505060266395,-0.03266623820497109
Langfjordjokelen,2036-11-01,-0.020957899608516854,0.10006229033465981,0.08797055655396924
Langfjordjokelen,2036-12-01,-0.023998881135672067,0.06024398035525506,-0.2089392736140562
Langfjordjokelen,2037-01-01,-0.0522428357109195,-0.030164799553478523,-0.07735421879846409
Langfjordjokelen,2037-02-01,-0.15532393583006357,0.011760645110641232,-0.06478624161067588
Langfjordjokelen,2037-03-01,-0.001918540498476615,0.10396805795716128,0.06872133049949276
Langfjordjokelen,2037-04-01,0.017301012165724397,-0.09416745593588931,-0.1129190605380029
Langfjordjokelen,2037-05-01,-0.05608303039335558,0.061857745836827106,0.03507336676600004
Langfjordjokelen,2037-06-01,-0.14090450006569158,-0.10421062720499898,-0.09838718359134589
Langfjordjokelen,2037-07-01,0.046804054822489304,-0.023760384383133045,-0.06062414732977764
Langfjordjokelen,2037-08-01,0.09622815083770163,0.09056553706047284,-0.12691352163684214
Langfjordjokelen,2037-09-01,-0.12840607666083229,0.08810867952937458,-0.06476527561869443
Langfjordjokelen,2037-10-01,-0.11266650675314509,-0.18115574081676442,-0.02215201452452337
Langfjordjokelen,2037-11-01,-0.051793464346018836,-0.10061214456757138,-0.06374687691853807
Langfjordjokelen,2037-12-01,-0.09151892891522995,-0.06866981991225647,-0.00949316333910074
Langfjordjokelen,2038-01-01,-0.009994115765568216,-0.03708242876530813,0.035226179336882095
Langfjordjokelen,2038-02-01,-0.023986380589095982,-0.08531030717307171,0.14801492747233982
Langfjordjokelen,2038-03-01,0.03143587107287612,0.08366035944080359,0.035417475650972585
Langfjordjokelen,2038-04-01,-0.06644694526577265,0.12794238823370438,0.11753495002733078
Langfjordjokelen,2038-05-01,0.15298736505108573,-0.06482530341698439,-0.080932339876367
Langfjordjokelen,2038-06-01,-0.007113319439073662,-0.056186619451838005,-0.11209436389813493
Langfjordjokelen,2038-07-01,-0.10834216865585915,-0.06806596640806675,-0.0055554563052232706
Langfjordjokelen,2038-08-01,-0.0438471483421198,0.07976022562697442,-0.07923989865037989
Langfjordjokelen,2038-09-01,0.05771990485278753,-0.012040283887378019,-0.10488810870753268
Langfjordjokelen,2038-10-01,-0.09297102900224981,-0.01324715448600692,-0.03216621704314102
Langfjordjokelen,2038-11-01,-0.026004324577406437,0.0562269184756825,-0.0796156063202119
Langfjordjokelen,2038-12-01,0.0180556351507684,0.04268176365479487,0.02532602412760285
Langfjordjokelen,2039-01-01,-0.029210998488864142,-0.11044575467275086,0.013975513030679945
Langfjordjokelen,2039-02-01,0.0026206942150868,0.03353505152377231,-0.04214763949295749
Langfjordjokelen,2039-03-01,0.05594675833455339,0.011620038590155533,-0.19922131929286288
Langfjordjokelen,2039-04-01,-0.014862157094777935,0.0452072238052893,-0.025333762363068224
Langfjordjokelen,2039-05-01,0.01513408131686155,0.039073553296235776,-0.1293589464927448
Langfjordjokelen,2039-06-01,-0.10584684683746899,-0.07770463456376667,-0.022288150037476136
Langfjordjokelen,2039-07-01,-0.09326158362203812,-0.16291200195560515,-0.03271002325482943
Langfjordjokelen,2039-08-01,-0.03618239200756561,-0.17182014771821716,0.037736381122477916
Langfjordjokelen,2039-09-01,-0.0746595653405228,0.0024968011810555823,-0.031046943867901633
Langfjordjokelen,2039-10-01,0.023122752958020576,-0.17171431122343273,-0.01028253301201413
Langfjordjokelen,2039-11-01,-0.1244974776534661,-0.15119626268114916,0.02179523038874182
Langfjordjokelen,2039-12-01,0.06998263353737456,-0.058442070312401485,-0.21813291669747378
Langfjordjokelen,2040-01-01,0.057073946766553474,-0.11572027886546875,-0.07203253769872639
Langfjordjokelen,2040-02-01,0.061350728841463635,0.04115667747751641,0.202764044335666
Langfjordjokelen,2040-03-01,-0.04411226174869465,-0.0887578868909652,-0.02962353313992301
Langfjordjokelen,2040-04-01,0.10653113146742747,0.018948685168758885,0.11254322294431525
Langfjordjokelen,2040-05-01,-0.006324479992999767,-0.009715667787120371,-0.0513304311451817
Langfjordjokelen,2040-06-01,-0.09309531768056288,-0.03851696265026631,0.10370427965668129
Langfjordjokelen,2040-07-01,-0.14831940241201594,-0.10240123810237017,0.11718839064763788
Langfjordjokelen,2040-08-01,0.00014900567741730578,-0.06070834501857266,-0.10982312589711236
Langfjordjokelen,2040-09-01,-0.05296024530381318,0.10359796638639414,-0.030411258361569576
Langfjordjokelen,2040-10-01,0.038230136867273716,0.008308056221797195,-0.010079908029849647
Langfjordjokelen,2040-11-01,-0.08992249137455988,-0.11291161017610161,-0.02305575086411926
Langfjordjokelen,2040-12-01,0.0069190736121476125,0.07159426896389659,0.0029988944274824195
Langfjordjokelen,2041-01-01,0.15318090597928116,-0.09504582518207665,-0.1595965671250813
Langfjordjokelen,2041-02-01,0.17635487653995985,-0.023253638177728173,-0.14753587510572366
Langfjordjokelen,2041-03-01,0.11772517397607929,0.14166242357188716,-0.09103189458637646
Langfjordjokelen,2041-04-01,-0.16762764031418678,-0.10512660161158327,-0.14934787475208347
Langfjordjokelen,2041-05-01,-0.11594704374550098,-0.02776592834155478,-0.11018317535428553
Langfjordjokelen,2041-06-01,0.05823060472055994,0.0246757415510906,-0.06986792542555786
Langfjordjokelen,2041-07-01,-0.011825175242458191,-0.021785186584814348,-0.09950986700422103
Langfjordjokelen,2041-08-01,-0.0037397955622240978,-0.031823032661614285,-0.09194577329084712
Langfjordjokelen,2041-09-01,0.02772489007815933,-0.12299759071245192,-0.04433245198462744
Langfjordjokelen,2041-10-01,-0.03788975694620465,-0.09665474572639872,-0.03843430775973363
Langfjordjokelen,2041-11-01,0.15937405318815404,-0.20951977262241708,-0.05996674281704059
Langfjordjokelen,2041-12-01,0.12048496628493015,0.10561047094476943,-0.09111435414918949
Langfjordjokelen,2042-01-01,-0.0940309288794098,0.005663581187380105,0.08600448588865656
Langfjordjokelen,2042-02-01,-0.04891904748872091,0.014253240177908263,0.049655765675490036
Langfjordjokelen,2042-03-01,-0.06319479824801043,-0.10507743564158184,-0.07841233558629161
Langfjordjokelen,2042-04-01,-0.020564979969513234,0.06592852717875748,0.08644557139923141
Langfjordjokelen,2042-05-01,-0.0951028812631488,-0.029113591287258808,-0.05939042261040719
Langfjordjokelen,2042-06-01,-0.03555235977756892,-0.02047236874436483,-0.07205571938814098
Langfjordjokelen,2042-07-01,-0.11419835189761879,-0.09116869874891827,-0.016362258703675542
Langfjordjokelen,2042-08-01,-0.0316288561244099,-0.004134052405722499,0.0007312048694312507
Langfjordjokelen,2042-09-01,-0.1192433151207561,0.06704092050257646,-0.14170050621062408
Langfjordjokelen,2042-10-01,-0.05619065329678122,-0.031195541537313576,-0.031107979675659644
Langfjordjokelen,2042-11-01,0.1383527974126424,0.12088642161410257,-0.11918171401734408
Langfjordjokelen,2042-12-01,-0.04724093780238056,-0.08358613490775228,-0.17025694907517974
Langfjordjokelen,2043-01-01,0.0385189854413576,-0.025541368814688433,-0.19540079121880338
Langfjordjokelen,2043-02-01,-0.10283075885995387,0.11946808098905286,-0.13410242601967587
Langfjordjokelen,2043-03-01,-0.06915364898250607,-0.018707285113549424,-0.07768367782875195
Langfjordjokelen,2043-04-01,-0.11314660339170311,-0.058813447713555594,0.08956768040255762
Langfjordjokelen,2043-05-01,-0.007014074941898363,-0.03618771308996163,-0.08534873974425282
Langfjordjokelen,2043-06-01,-0.11504456984712474,0.0018965168711828882,-0.009021693617354882
Langfjordjokelen,2043-07-01,-0.053158644607919296,-0.10172982228729212,-0.08908480067465051
Langfjordjokelen,2043-08-01,0.053033277451190075,0.01140049696414476,-0.09620718885188663
Langfjordjokelen,2043-09-01,0.03261365010791151,-0.03792606813211957,-0.030324261587966417
Langfjordjokelen,2043-10-01,0.06986997710458726,-0.11832933874549816,0.059550508740943246
Langfjordjokelen,2043-11-01,-0.1485358064315436,-0.06827146301758845,-0.060098533332947325
Langfjordjokelen,2043-12-01,-0.03972008784709869,-0.032427442779655355,-0.045220211067759974
Langfjordjokelen,2044-01-01,0.017869705783806828,0.13366209819394306,0.10260499101748637
Langfjordjokelen,2044-02-01,-0.018508328999485995,0.02246515075900309,-0.06177041070328477
Langfjordjokelen,2044-03-01,0.0008967979131819075,0.06197101685919873,-0.06320565832450742
Langfjordjokelen,2044-04-01,-0.051571938060789135,-0.21079885300731668,0.030912254221273087
Langfjordjokelen,2044-05-01,0.11943767812118844,-0.053733238979682525,-0.1114223075720896
Langfjordjokelen,2044-06-01,-0.04484943727875534,-0.03875712748524574,0.031236280613937167
Langfjordjokelen,2044-07-01,-0.016758773528713133,-0.10539039201273182,-0.09493972540393242
Langfjordjokelen,2044-08-01,0.10735029743320455,0.008530893147094978,-0.03781699936753485
Langfjordjokelen,2044-09-01,-0.014380217550980333,-0.04253820816005265,0.033127193439653015
Langfjordjokelen,2044-10-01,-0.05098223321350188,-0.0718519603471235,-0.10807417049538544
Langfjordjokelen,2044-11-01,0.04239244547439174,-0.059695069497317184,0.033595623755552306
Langfjordjokelen,2044-12-01,-0.1847783880674118,-0.11628623165279257,0.012984998951789428
Langfjordjokelen,2045-01-01,-0.11139844646480644,-0.16022323288228038,-0.14780626793747725
Langfjordjokelen,2045-02-01,-0.04086229860761852,-0.06516232574777776,-0.0531699577981038
Langfjordjokelen,2045-03-01,-0.007750118342418145,-0.0074508003892671424,0.002320749660468628
Langfjordjokelen,2045-04-01,-0.006596835794490603,-0.056383238160600084,-0.1972099900128711
Langfjordjokelen,2045-05-01,-0.0686798647661263,0.16207044655814798,-0.18319376071821736
Langfjordjokelen,2045-06-01,0.04630349769140796,0.0037687697359638783,-0.0957012055430876
Langfjordjokelen,2045-07-01,-0.10453221806287354,-0.042166371748588956,0.08161304095084586
Langfjordjokelen,2045-08-01,0.03161433963575135,-0.0838712627042335,0.00969101335476455
Langfjordjokelen,2045-09-01,-0.07751837375204734,0.0160399718062481,-0.20502744301219467
Langfjordjokelen,2045-10-01,-0.030616556889940156,0.015252105299182478,0.06287525156078504
Langfjordjokelen,2045-11-01,-0.0006115883929205257,0.060041037299984286,-0.018382897342000878
Langfjordjokelen,2045-12-01,0.04676293328997936,-0.008775196077459364,0.10900083504309548
Langfjordjokelen,2046-01-01,-0.013242878794104254,-0.02170181049347091,-0.05044263595894675
Langfjordjokelen,2046-02-01,-0.1603454691315956,-0.07920188358983665,-0.10299060317852371
Langfjordjokelen,2046-03-01,0.02771146808929668,0.01482003516214706,-0.021146651268182114
Langfjordjokelen,2046-04-01,0.052648428388434525,-0.09154857196184596,-0.14454305263771497
Langfjordjokelen,2046-05-01,-0.12393172289091903,-0.04554707385498541,0.13197822457659003
Langfjordjokelen,2046-06-01,-0.066796697364558,-0.13015604745207868,-0.022813269056475103
Langfjordjokelen,2046-07-01,-0.03330371115145699,-0.08190515815697257,-0.07017258794564013
Langfjordjokelen,2046-08-01,0.010816627065557208,-0.012037232041039738,0.027390800899910608
Langfjordjokelen,2046-09-01,-0.12548560752568852,0.060795234849029135,-0.08489839456165682
Langfjordjokelen,2046-10-01,-0.1201684695603823,-0.027693776973038497,0.040926170155693505
Langfjordjokelen,2046-11-01,0.14665251281159825,-0.02447520399538099,0.07655677725546756
Langfjordjokelen,2046-12-01,-0.055361733471448994,-0.07078631003372361,0.017538308483712087
Langfjordjokelen,2047-01-01,0.07118757545746073,0.0792718103271209,0.037660779795148834
Langfjordjokelen,2047-02-01,-0.02140932799165809,-0.025955788739746233,0.09809265260795312
Langfjordjokelen,2047-03-01,-0.047104105885380436,0.05038521640556256,-0.024654205466044566
Langfjordjokelen,2047-04-01,-0.09793976551865208,-0.059592905705643205,-0.09316297415030055
Langfjordjokelen,2047-05-01,-0.016166911166518822,-0.08217129917868042,-0.02721125571234047
Langfjordjokelen,2047-06-01,0.024782172316966427,-0.11786745481735701,-0.05594777084245219
Langfjordjokelen,2047-07-01,-0.03456448135548317,-0.022397605305802537,-0.11067313132969685
Langfjordjokelen,2047-08-01,-0.0996623967376719,-0.015063452265966967,-0.061416536921526675
Langfjordjokelen,2047-09-01,-0.02730373092270032,0.07574309086466029,-0.01523324941518908
Langfjordjokelen,2047-10-01,-0.0033698972846978683,-0.11939534333506945,0.017985588923206883
Langfjordjokelen,2047-11-01,0.05001444271920629,0.03007333102423117,-0.08753673283119086
Langfjordjokelen,2047-12-01,0.007819337831500968,0.0027755252594636438,0.11974984902662474
Langfjordjokelen,2048-01-01,-0.006587036302275705,0.042171116348451144,-0.025518729247655563
Langfjordjokelen,2048-02-01,-0.12933921348638303,-0.09471351773973424,-0.06133212658825491
Langfjordjokelen,2048-03-01,-0.004633814595563082,-0.16988579131898096,-0.06300550889776739
Langfjordjokelen,2048-04-01,0.03412580172308973,0.04493938440269054,-0.011057332555864908
Langfjordjokelen,2048-05-01,-0.07654512631823818,0.046396079394600366,-0.11282646612015229
Langfjordjokelen,2048-06-01,0.02146457855734522,0.04463674782043215,0.021996554260471344
Langfjordjokelen,2048-07-01,-0.09510820831944726,-0.001180089253488811,-0.03181079709606063
Langfjordjokelen,2048-08-01,-0.1594860322120392,0.0074175039171752305,0.01993121384656325
Langfjordjokelen,2048-09-01,0.03442094159589403,-0.025183178192016053,0.03462630549391805
Langfjordjokelen,2048-10-01,-0.043264987049220514,0.06262156343990662,-0.16431314738509695
Langfjordjokelen,2048-11-01,-0.054666838953575714,-0.02645767177242042,0.08660054888576078
Langfjordjokelen,2048-12-01,0.007829603566686641,-0.01626690164474494,0.0011120157929765603
Langfjordjokelen,2049-01-01,0.06478288212316101,-0.04639170828719286,-0.08625671296746817
Langfjordjokelen,2049-02-01,-0.10082934839529845,-0.0017299779494099933,-0.0019516783268487478
Langfjordjokelen,2049-03-01,0.06993389055412298,-0.13688105896949795,-0.033021683111306634
Langfjordjokelen,2049-04-01,-0.06963026749645708,-0.03764619744555293,-0.12114933391338543
Langfjordjokelen,2049-05-01,0.08820983636059847,-0.09390086155588534,-0.024934788215474332
Langfjordjokelen,2049-06-01,0.10696437199940473,-0.06527061809080263,0.016824889368994813
Langfjordjokelen,2049-07-01,0.06693785980378097,0.06202150289287959,-0.11586418336866193
Langfjordjokelen,2049-08-01,0.06904695821600026,-0.044528856861643346,-0.10857255634261331
Langfjordjokelen,2049-09-01,-0.00044813841004409893,0.058723156124804506,0.030119734019401902
Langfjordjokelen,2049-10-01,-0.03540911721196827,0.08279784695030462,-0.005276431943285903
Langfjordjokelen,2049-11-01,-0.0932120509077972,-0.08714069768740436,-9.460660696124686e-05
Langfjordjokelen,2049-12-01,-0.03957934765590876,-0.15338522065317894,0.016763452184566565
Langfjordjokelen,2050-01-01,-0.046739667463838445,-0.14450329217106464,-0.12960102351483668
Langfjordjokelen,2050-02-01,-0.07893561150977857,0.011092790328718807,-0.16171338577493455
Langfjordjokelen,2050-03-01,0.0739808483120015,-0.028758686567578573,-0.10642193282727402
Langfjordjokelen,2050-04-01,-0.15231494930767084,0.02734035965041624,-0.08873349047487726
Langfjordjokelen,2050-05-01,0.13949006029789693,-0.12010700896924108,-0.06701653859828079
Langfjordjokelen,2050-06-01,-0.03264361789296328,-0.010652614165105288,-0.04231569211504452
Langfjordjokelen,2050-07-01,-0.0005654650256311256,0.05387826978461513,-0.0877010462751097
Langfjordjokelen,2050-08-01,-0.027525139678107834,-0.046146983560430475,-0.14637066386749212
Langfjordjokelen,2050-09-01,-0.12517622171922108,-0.11927858347255728,0.09801898208924431
Langfjordjokelen,2050-10-01,-0.09525361644074919,0.036796167025799,-0.015599063278368047
Langfjordjokelen,2050-11-01,-0.03451357163305207,0.02314830646725105,0.04838725847079752
Langfjordjokelen,2050-12-01,0.07310596673173994,0.05583288747776571,-0.05305006822205665
Langfjordjokelen,2051-01-01,-0.08608750336399751,-0.08933965600698235,0.0261978491422004
Langfjordjokelen,2051-02-01,-0.14335048520888213,-0.0879987601701213,-0.05693486241598098
Langfjordjokelen,2051-03-01,-0.11331885558949799,-0.0489833343909685,-0.08513240503136794
Langfjordjokelen,2051-04-01,0.1146902921192383,-0.0020020339248076474,-0.015341491319824237
Langfjordjokelen,2051-05-01,-0.09228214028743657,0.02327748425373394,0.014843019679605425
Langfjordjokelen,2051-06-01,-0.12679648842403676,-0.04220932765538956,-0.16407291294838097
Langfjordjokelen,2051-07-01,-0.0022025069335990105,0.040378197972478394,-0.12758577986332034
Langfjordjokelen,2051-08-01,0.05599384491875518,0.043061730082071446,0.010185745783550948
Langfjordjokelen,2051-09-01,-0.04756855733557445,0.05579709006235287,-0.22829977175571148
Langfjordjokelen,2051-10-01,-0.19099700121161012,-0.18174363788731726,0.08778452769436734
Langfjordjokelen,2051-11-01,0.12303018982198266,0.10594332925426368,0.09758766439786741
Langfjordjokelen,2051-12-01,0.012582018159885036,-0.06571552665688653,-0.21401923144592774
Langfjordjokelen,2052-01-01,-0.11177497624287525,-0.011971597370492625,-0.08547998869228078
Langfjordjokelen,2052-02-01,-0.15611754998972568,0.14062050321390224,-0.08703612181913938
Langfjordjokelen,2052-03-01,-0.031089169142742252,0.05537666076139868,-0.20904663942002186
Langfjordjokelen,2052-04-01,0.06036682223528358,-0.12552625068973133,-0.10106493361901699
Langfjordjokelen,2052-05-01,-0.04804281055004154,-0.14658873930036412,0.0775162877848578
Langfjordjokelen,2052-06-01,-0.010522715741407111,0.1456982846091295,0.006578064496940458
Langfjordjokelen,2052-07-01,0.07680033935454052,-0.012506881143997754,-0.01999392191127945
Langfjordjokelen,2052-08-01,0.03684127149405065,0.01166946595961319,0.03957178979279051
Langfjordjokelen,2052-09-01,0.09499670152587127,0.09324795471112725,0.0986654937280782
Langfjordjokelen,2052-10-01,0.03035476055877866,-0.04675152157784359,-0.055874528984613314
Langfjordjokelen,2052-11-01,-0.020995131976068882,0.015222978135517077,-0.06598124540922416
Langfjordjokelen,2052-12-01,0.1253041335629832,0.045762131590323496,-0.10324777703247368
Langfjordjokelen,2053-01-01,-0.05158351950580301,-0.11936870117878406,-0.09926000666856531
Langfjordjokelen,2053-02-01,-0.05075525509384249,-0.05336094573702583,0.06837522892298196
Langfjordjokelen,2053-03-01,-0.06673111513912396,-0.05459110397892272,-0.01928951104128122
Langfjordjokelen,2053-04-01,0.06380393831132081,-0.05679362453818959,-0.060172857975661714
Langfjordjokelen,2053-05-01,-0.04324812500416093,0.03736503471260901,0.1168500509819755
Langfjordjokelen,2053-06-01,-0.019128794299556242,-0.08825539777122955,-0.058891714224998115
Langfjordjokelen,2053-07-01,0.06356025509633112,-0.05537507581659137,0.0012279304662652483
Langfjordjokelen,2053-08-01,0.023685044328773403,-0.10829496024457451,0.05702160277145533
Langfjordjokelen,2053-09-01,-0.03884871435107684,0.045818401573094615,0.04641389619651173
Langfjordjokelen,2053-10-01,-0.022458432683311838,0.07815594707262737,-0.002916871280763
Langfjordjokelen,2053-11-01,-0.05174296292801387,-0.054842839542788964,-0.08656391437445277
Langfjordjokelen,2053-12-01,-0.09833365351373373,-0.03728948721433159,-0.09335601435709717
Langfjordjokelen,2054-01-01,-0.12181114506095676,-0.014134458753689383,-0.20780838178699979
Langfjordjokelen,2054-02-01,0.006326583017205005,-0.3155712979847673,-0.08312852239330575
Langfjordjokelen,2054-03-01,-0.011579975331543426,0.018889112761094815,-0.00892325666396347
Langfjordjokelen,2054-04-01,-0.13680533655533939,-0.173936452449013,-0.07619703470028356
Langfjordjokelen,2054-05-01,-0.12158821037269678,-0.07736530597027996,-0.11032172208362516
Langfjordjokelen,2054-06-01,-0.047821742555022036,-0.11253592685220053,-0.08290226876580656
Langfjordjokelen,2054-07-01,-0.06981719022843587,-0.032233555631814154,0.034687630298529185
Langfjordjokelen,2054-08-01,-0.049479947986787176,-0.047020907378403164,-0.05131997664283706
Langfjordjokelen,2054-09-01,-0.01314922485702892,-0.08955328252612667,0.005214681649704502
Langfjordjokelen,2054-10-01,0.02173001386012735,-0.014269954744114735,-0.12902519661084513
Langfjordjokelen,2054-11-01,-0.053783883254481434,0.10167314946738491,-0.07094696300722408
Langfjordjokelen,2054-12-01,0.13048769019913403,-0.06176412293924824,-0.1483025835858933
Langfjordjokelen,2055-01-01,0.00237758761550465,-0.06605465961073134,0.08525402736156111
Langfjordjokelen,2055-02-01,0.07194103524426719,0.04264045643967488,-0.04816803744627199
Langfjordjokelen,2055-03-01,-0.07760055248953913,-0.04594121818434894,-0.05184008982353991
Langfjordjokelen,2055-04-01,-0.02209738529377675,-0.11146522199077036,-0.10267639473725095
Langfjordjokelen,2055-05-01,-0.09957374228376638,-0.13775831967755023,-0.09201629377735115
Langfjordjokelen,2055-06-01,0.12524602214075356,-0.08743372275497023,0.02944254595172702
Langfjordjokelen,2055-07-01,0.07115938328169948,-0.052996490049224305,-0.033145361376774
Langfjordjokelen,2055-08-01,-0.13108805942419052,-0.06349444082306471,0.012211210234700245
Langfjordjokelen,2055-09-01,-0.062378673240867884,0.049957988259759854,-0.01325393224177497
Langfjordjokelen,2055-10-01,-0.06749211929700487,0.015169441306829035,-0.16718455228254428
Langfjordjokelen,2055-11-01,-0.08918773969842764,0.00794372342539128,0.017675178283672814
Langfjordjokelen,2055-12-01,-0.06199383596958472,-0.01097792585237993,-0.024580903673167936
Langfjordjokelen,2056-01-01,-0.2759903590671544,-0.07073121549937667,0.23298913797106247
Langfjordjokelen,2056-02-01,0.053385030394724454,-0.09763716351000902,-0.20604935173891303
Langfjordjokelen,2056-03-01,-0.09642903325333267,-0.07329655893087195,0.0004901653834434144
Langfjordjokelen,2056-04-01,-0.06631544857626305,-0.03974215164419923,-0.1163672579230385
Langfjordjokelen,2056-05-01,-0.0464645477536692,0.046124472778846376,-0.06775455713953034
Langfjordjokelen,2056-06-01,0.016788107980407363,0.019981554640889746,-0.034004214110114415
Langfjordjokelen,2056-07-01,0.013474126830394353,0.1420135645636813,0.01641152131738624
Langfjordjokelen,2056-08-01,0.017141961668817356,-0.1727354481561573,0.006708664476398926
Langfjordjokelen,2056-09-01,-0.012550362407560176,0.017513557599541426,-0.07484677207951439
Langfjordjokelen,2056-10-01,-0.057559701795126685,-0.009428944371901728,-0.09386078261962867
Langfjordjokelen,2056-11-01,-0.016076886442976283,-0.029290509706151848,-0.10156848386491575
Langfjordjokelen,2056-12-01,-0.11273559602806026,-0.08838365934789229,0.040890370617720086
Langfjordjokelen,2057-01-01,0.030215053274706166,0.1952326566880227,-0.04063751509441096
Langfjordjokelen,2057-02-01,-0.0641765380410807,-0.002200023200930284,-0.09290319059985624
Langfjordjokelen,2057-03-01,0.01674108398357073,-0.11609271924221964,-0.044657329126555366
Langfjordjokelen,2057-04-01,-0.10020841958561338,-0.07584216992723564,-0.11896681698707696
Langfjordjokelen,2057-05-01,-0.05420732372254892,-0.07982718591726969,-0.030781279751802282
Langfjordjokelen,2057-06-01,-0.023254323242844103,-0.060250842551389995,-0.09848725881362663
Langfjordjokelen,2057-07-01,-0.03758797193146798,-0.10165221496515535,-0.039804217557188076
Langfjordjokelen,2057-08-01,-0.1271105355949763,-0.06594278537024272,-0.003651416540932262
Langfjordjokelen,2057-09-01,-0.023416051220425282,-0.10241281862003714,-0.02001118577467029
Langfjordjokelen,2057-10-01,-0.058046760236651264,-0.06618858507628966,0.007218493359710795
Langfjordjokelen,2057-11-01,-0.09950894316988883,-0.0624693203207386,0.19245887369804382
Langfjordjokelen,2057-12-01,-0.07403428358468632,-0.14888623234379114,0.09468535875178379
Langfjordjokelen,2058-01-01,0.06473692572426744,-0.16065520300381753,-0.211834691381635
Langfjordjokelen,2058-02-01,-0.13625017767681366,0.06066156293192979,-0.25147341165128684
Langfjordjokelen,2058-03-01,-0.10956724758280463,-0.12505839300166344,0.024534994888027312
Langfjordjokelen,2058-04-01,-0.06327567378996495,-0.08492403342985977,-0.08071280398345232
Langfjordjokelen,2058-05-01,0.01540258617450658,-0.04036956494746802,-0.04063841827335355
Langfjordjokelen,2058-06-01,0.05602922475168429,0.09632440613609121,-0.09692009263667901
Langfjordjokelen,2058-07-01,0.038076735482933395,-0.03981811448454307,-0.12826068220986153
Langfjordjokelen,2058-08-01,-0.020030234601277903,0.08303441092257934,0.0313854292833567
Langfjordjokelen,2058-09-01,-0.11694135741879234,-0.11688305005216204,-0.10067212638091168
Langfjordjokelen,2058-10-01,-0.04028249302660967,-0.012207461691415811,-0.06554874878625505
Langfjordjokelen,2058-11-01,-0.16837641693676267,-0.06436576678822824,0.005659130459105759
Langfjordjokelen,2058-12-01,-0.007504341855533658,0.03324915420725409,-0.11527151060156653
Langfjordjokelen,2059-01-01,-0.006804714196427408,0.05477758509759503,0.02596405009110872
Langfjordjokelen,2059-02-01,-0.1028294415486979,-0.10916682270316691,0.10524796802484322
Langfjordjokelen,2059-03-01,0.052818803324805284,-0.016164095771919025,-0.0674918522117925
Langfjordjokelen,2059-04-01,0.02925037323847857,-0.040193473977837804,-0.05335122976304942
Langfjordjokelen,2059-05-01,-0.0682107656325259,0.056827091981406674,-0.013122290624030279
Langfjordjokelen,2059-06-01,-0.026737294457276906,-0.10331752993850678,0.001983447544337512
Langfjordjokelen,2059-07-01,0.0302373705133455,0.024187006399955427,-0.05303069479562189
Langfjordjokelen,2059-08-01,-0.0184363237986019,-0.08716698108492545,-0.0770009961739694
Langfjordjokelen,2059-09-01,0.017655300473538832,-0.09721395648414795,-0.12232384106100232
Langfjordjokelen,2059-10-01,-0.10028173727571689,0.02600001462512884,0.16293780094455623
Langfjordjokelen,2059-11-01,-0.06707478509693016,-0.16276012359659406,-0.1015130156077272
Langfjordjokelen,2059-12-01,-0.08632803222820269,-0.1415026184038873,-0.03158680288180157
Langfjordjokelen,2060-01-01,0.03295468172934916,-0.08051220495403562,-0.06693279062798509
Langfjordjokelen,2060-02-01,0.02921963004915093,-0.001970278966888589,-0.06785131719610145
Langfjordjokelen,2060-03-01,-0.10057015711112897,-0.1326284298187386,-0.10365459660536319
Langfjordjokelen,2060-04-01,-0.16307604223619196,-0.03645839734815378,0.08504658522019602
Langfjordjokelen,2060-05-01,-0.13393666342995517,0.07094612848275557,0.02798120129089912
Langfjordjokelen,2060-06-01,-0.05957525423279828,-0.08999129558463982,-0.04911028340507373
Langfjordjokelen,2060-07-01,-0.10336875398675398,-0.13818262098595083,0.06089697819353656
Langfjordjokelen,2060-08-01,0.012397113857624426,0.013072088268863103,-0.04441338161252686
Langfjordjokelen,2060-09-01,-0.11591458978004814,-0.14003211408066432,0.05202336275929467
Langfjordjokelen,2060-10-01,0.03922022610086388,0.049182394232205634,0.08708101804997524
Langfjordjokelen,2060-11-01,-0.05418180149261187,-0.01631082415577126,-0.0798496333854492
Langfjordjokelen,2060-12-01,-0.045571671530742396,-0.04236819002696298,0.049985339664813354
Langfjordjokelen,2061-01-01,-0.2385499107819391,0.020543522690122995,-0.0708361996201713
Langfjordjokelen,2061-02-01,-0.02671661715842023,-0.12223381800310118,-0.08882164956534128
Langfjordjokelen,2061-03-01,-0.07574927377547686,-0.07299649227897793,0.05353127485868899
Langfjordjokelen,2061-04-01,-0.12206887843630099,-0.1568617280229003,-0.06116778953213035
Langfjordjokelen,2061-05-01,-0.09542454612183537,0.015624226378264184,-0.0005194297851517718
Langfjordjokelen,2061-06-01,-0.08179616420095769,-0.04072620170189741,0.02674174102822637
Langfjordjokelen,2061-07-01,0.006857740030158685,-0.060375824974199854,0.030538065391473666
Langfjordjokelen,2061-08-01,-0.060400917407103905,-0.022784303226699314,0.22672108463447663
Langfjordjokelen,2061-09-01,0.026623613188817657,-0.03386914149808439,0.0332212628660272
Langfjordjokelen,2061-10-01,-0.02689874953075272,-0.012014839433339254,-0.07077235121864812
Langfjordjokelen,2061-11-01,-0.18894124226983597,-0.1368328393318432,-0.11868734013733974
Langfjordjokelen,2061-12-01,-0.02538554358556043,-0.1926268337095414,-0.10147445034063983
Langfjordjokelen,2062-01-01,-0.004399669414141073,-0.12134859092422783,0.08400830167959068
Langfjordjokelen,2062-02-01,0.006305820320747273,-0.11475788990005513,0.07917673595218973
Langfjordjokelen,2062-03-01,0.013914789400375618,-0.05703588589864206,-0.0013586851744199768
Langfjordjokelen,2062-04-01,0.018168137088429816,0.02161560978580528,0.10391992511360931
Langfjordjokelen,2062-05-01,-0.04218759723277012,-0.0322120151350194,0.054395381101963486
Langfjordjokelen,2062-06-01,0.028052949621711634,0.02567681262624021,-0.060126414873280305
Langfjordjokelen,2062-07-01,0.06989077182766228,0.012799548015105924,-0.06795244724057191
Langfjordjokelen,2062-08-01,-0.018605202133435333,-0.018834186275235924,-0.057664938861544
Langfjordjokelen,2062-09-01,0.07789680753974199,-0.08237501190459295,0.010228879124130716
Langfjordjokelen,2062-10-01,-0.11346649578759078,0.0030979406714146903,-0.11381573305360111
Langfjordjokelen,2062-11-01,-0.0784887332983784,-0.10475088746127027,-0.12998695089351717
Langfjordjokelen,2062-12-01,0.010194622152366653,-0.03251952274676733,0.08343092800725317
Langfjordjokelen,2063-01-01,0.019161765573163347,0.07695107578481743,-0.16177608538425545
Langfjordjokelen,2063-02-01,0.04394897741668042,-0.06076572265192732,-0.05813983469867762
Langfjordjokelen,2063-03-01,0.005404660647903077,0.043676120988637844,0.14322698968502437
Langfjordjokelen,2063-04-01,-0.010054533852565745,0.07869767587872052,0.06333049668411386
Langfjordjokelen,2063-05-01,0.07143228145664599,0.032616048138939306,-0.0038793543693139837
Langfjordjokelen,2063-06-01,-0.010711617731256872,-0.04491515312878671,-0.02961465203521645
Langfjordjokelen,2063-07-01,-0.014448845030418163,-0.03856474741259946,-0.07625568170792539
Langfjordjokelen,2063-08-01,0.016501965502258173,-0.050530122608554086,-0.08761084506645407
Langfjordjokelen,2063-09-01,-0.055684011478605876,-0.004552813074903408,0.00773235909460451
Langfjordjokelen,2063-10-01,0.0018692319826007521,0.08861884982999223,-0.12335601616156781
Langfjordjokelen,2063-11-01,-0.10827553532732158,0.008006139768090703,-0.054570402786251936
Langfjordjokelen,2063-12-01,-0.03679392267419745,-0.03128749416757135,-0.1053453398850726
Langfjordjokelen,2064-01-01,0.1706451413318263,-0.0011782805907714217,-0.07027981662908363
Langfjordjokelen,2064-02-01,-0.09477995866937942,-0.1076770698480894,-0.15520347877801835
Langfjordjokelen,2064-03-01,-0.036719256697708806,0.07539950030829799,-0.08231494081513122
Langfjordjokelen,2064-04-01,-0.04468992497677407,-0.0718189050426802,-0.006855375470552341
Langfjordjokelen,2064-05-01,-0.08064428259783159,0.11511587281611325,-0.09064303159822566
Langfjordjokelen,2064-06-01,-0.14311749548310632,0.12000805852199985,-0.05139483498672748
Langfjordjokelen,2064-07-01,-0.014177343196517964,-0.12870255049627818,-0.04337772681342337
Langfjordjokelen,2064-08-01,0.01638743384132826,-0.08851136429307847,0.00770199859688489
Langfjordjokelen,2064-09-01,0.11220487863882249,-0.16727161560459866,-0.10565729840367448
Langfjordjokelen,2064-10-01,-0.10326988625117582,0.0857539116656697,0.025193313361754056
Langfjordjokelen,2064-11-01,-0.1376226654762076,-0.049794554933505715,0.031739186581294286
Langfjordjokelen,2064-12-01,-0.06942380609781762,0.08818606786176025,-0.03833988528198916
Langfjordjokelen,2065-01-01,-0.14510718639930062,0.03865710998021121,0.02547195098464999
Langfjordjokelen,2065-02-01,0.006273415696316158,0.013857380937747148,-0.009784760155852452
Langfjordjokelen,2065-03-01,0.11763972906512728,0.011430219778602937,0.12168226699077811
Langfjordjokelen,2065-04-01,-0.06407286549442796,-0.1309764931964168,-0.06140318216952495
Langfjordjokelen,2065-05-01,0.02022851806725569,-0.03636642961868005,0.08053982149973855
Langfjordjokelen,2065-06-01,-0.059239306888205424,-0.039539041819823616,-0.061056777303887554
Langfjordjokelen,2065-07-01,-0.1273933671840923,-0.09339055651527127,0.11898415015058257
Langfjordjokelen,2065-08-01,-0.07153347311471603,-0.08876573601922211,-0.057225329550092546
Langfjordjokelen,2065-09-01,-0.00533780876953095,-0.12232782974901395,-0.094793485705488
Langfjordjokelen,2065-10-01,0.040593358157499614,-0.06429054183494111,0.07295741425530178
Langfjordjokelen,2065-11-01,-0.1610040108132188,-0.040589058592579004,0.05275004780179629
Langfjordjokelen,2065-12-01,-0.024441996432815163,-0.0878548631182811,0.040220764842174024
Langfjordjokelen,2066-01-01,-0.053515717293566356,-0.05629484793324698,0.06625541860464927
Langfjordjokelen,2066-02-01,0.026722677539104563,-0.07733636963002234,-0.02751322434030352
Langfjordjokelen,2066-03-01,-0.10855593959995381,-0.030896748839071165,-0.14547519944554463
Langfjordjokelen,2066-04-01,-0.06370782721645951,-0.025073070443732384,-0.03959980729708116
Langfjordjokelen,2066-05-01,-0.13171957610844845,-0.08150750411419456,-0.005163980038580468
Langfjordjokelen,2066-06-01,-0.035374855967804264,-0.003797412515037573,0.03491325486106548
Langfjordjokelen,2066-07-01,-0.15329901290563872,0.05464878734671033,0.1173964585906793
Langfjordjokelen,2066-08-01,-0.0797722584861739,-0.06260607979072903,-0.02844627321417938
Langfjordjokelen,2066-09-01,-0.005337595278622237,-0.07557216055806645,-0.019340398630458878
Langfjordjokelen,2066-10-01,-0.16669749095652128,-0.015914297317183114,0.1406665262403827
Langfjordjokelen,2066-11-01,-0.13874875785586235,-0.09651930227170968,-0.14142998777457408
Langfjordjokelen,2066-12-01,-0.08411793535008678,-0.15489005712554343,0.05157781081324814
Langfjordjokelen,2067-01-01,-0.057041959734294656,-0.012259600767538953,0.10555489255553378
Langfjordjokelen,2067-02-01,-0.013744711231604617,-0.09174505922936904,-0.06399407807907936
Langfjordjokelen,2067-03-01,0.012114476594991702,0.010257186895608249,0.07728433515602853
Langfjordjokelen,2067-04-01,0.033662219706166265,-0.06406779362659183,-0.08609721509346847
Langfjordjokelen,2067-05-01,-0.04545948962353835,-0.10889413147801978,-0.05223595912749016
Langfjordjokelen,2067-06-01,-0.049340242298420066,0.027301135252383896,0.024802158021259752
Langfjordjokelen,2067-07-01,-0.04454956935041384,0.020665863315802044,-0.02917778383257894
Langfjordjokelen,2067-08-01,0.07191198363539693,0.046520634618347025,0.02848868321172209
Langfjordjokelen,2067-09-01,-0.03923874768489775,-0.04564937107653932,0.16005697885468112
Langfjordjokelen,2067-10-01,-0.07522893057300939,0.007507575814651171,-0.04660928282744372
Langfjordjokelen,2067-11-01,0.1333658826551319,-0.17164776315038197,-0.06406888704037583
Langfjordjokelen,2067-12-01,-0.13064004588748518,-0.09102467977503566,0.15533640337111118
Langfjordjokelen,2068-01-01,0.04084371155341723,-0.052422116707899015,-0.058131684124886986
Langfjordjokelen,2068-02-01,-0.10805172975291354,0.06519418299066111,-0.036425013324828046
Langfjordjokelen,2068-03-01,-0.08684338888195837,0.010005660010514339,0.015353464028111793
Langfjordjokelen,2068-04-01,0.05161841863938602,-0.006728812991781335,0.1727399404256799
Langfjordjokelen,2068-05-01,-0.1335642442265628,-0.03663767787279618,-0.02988477821466041
Langfjordjokelen,2068-06-01,0.05634972506499756,0.004915265126980421,0.00767207172449116
Langfjordjokelen,2068-07-01,0.014851217179796787,-0.0340665012700737,-0.1149077646424231
Langfjordjokelen,2068-08-01,-0.058835480969382875,-0.13976351198908527,-0.03494517757694069
Langfjordjokelen,2068-09-01,-0.08006809295674816,-0.07729327959098493,-0.06046366988329502
Langfjordjokelen,2068-10-01,-0.0921004714470836,0.036784151615629944,-0.03441250122584885
Langfjordjokelen,2068-11-01,-0.07371047716284956,-0.013881146421399823,-0.1261869968513033
Langfjordjokelen,2068-12-01,0.10958649614046943,-0.07261034078124094,-0.041919908110688374
Langfjordjokelen,2069-01-01,0.0009584201405067189,0.09235073690659407,0.11312495801575717
Langfjordjokelen,2069-02-01,0.18306448282382634,-0.03263292138159741,0.3129306632511
Langfjordjokelen,2069-03-01,-0.1535961320211109,0.04153387145476154,0.00757261093378826
Langfjordjokelen,2069-04-01,-0.006503785153744526,-0.03503145616057677,-0.08404315558233572
Langfjordjokelen,2069-05-01,0.019066142075699576,-0.0629873792912972,-0.08594097562900001
Langfjordjokelen,2069-06-01,-0.015135638607383137,0.02761260053083808,-0.021299974180033775
Langfjordjokelen,2069-07-01,0.0213785761450703,-0.06402903121729527,-0.04877655249582354
Langfjordjokelen,2069-08-01,0.0180922015495278,-0.04229882252078041,0.0018852925190935566
Langfjordjokelen,2069-09-01,-0.03551317682766572,-0.17589850304976584,-0.08769490948770957
Langfjordjokelen,2069-10-01,0.0642079135523005,-0.03948260078994458,-0.03873815405979577
Langfjordjokelen,2069-11-01,0.07094661426389405,0.005609679083405222,-0.12322064726174874
Langfjordjokelen,2069-12-01,0.020919987589252145,0.0031604419315897033,0.032477893393353226
Langfjordjokelen,2070-01-01,-0.10940782288601619,-0.20475931290366348,-0.10193008925357573
Langfjordjokelen,2070-02-01,0.08896999182041361,-0.1458030857352449,-0.10522210194005267
Langfjordjokelen,2070-03-01,-0.08397976042121676,-0.031270877792088946,-0.051269339123258574
Langfjordjokelen,2070-04-01,0.00838767610877264,0.009815578376348335,-0.14392394464887723
Langfjordjokelen,2070-05-01,-0.01429533048505102,-0.07056779662602441,-0.11751178415006043
Langfjordjokelen,2070-06-01,-0.13036866067675815,-0.1604846637751625,0.012399758029336192
Langfjordjokelen,2070-07-01,-0.05543182299829117,-0.08110136461635613,-0.07741627041816436
Langfjordjokelen,2070-08-01,-0.006096127743573332,-0.04474104837336427,-0.12718111216750994
Langfjordjokelen,2070-09-01,-0.16294519647435932,-0.013081212743867894,-0.019050142036965017
Langfjordjokelen,2070-10-01,-0.10938903908615594,-0.15023813054688454,0.11784734169288848
Langfjordjokelen,2070-11-01,-0.0951610044082168,-0.021533903604365818,-0.027667486263127827
Langfjordjokelen,2070-12-01,-0.0005615664272026408,-0.13691689523721937,-0.09603458775165152
Langfjordjokelen,2071-01-01,-0.1371869621308119,0.0016416112944460496,0.07267458291282267
Langfjordjokelen,2071-02-01,0.09806900668372674,0.033302736671389895,-0.1208223287127786
Langfjordjokelen,2071-03-01,0.11535656014041369,-0.16808473063405902,-0.103257595940069
Langfjordjokelen,2071-04-01,-0.035545455749154714,-0.0669306392865241,0.057999692310483235
Langfjordjokelen,2071-05-01,-0.15102707497327203,-0.06510505449175251,-0.11246934710132221
Langfjordjokelen,2071-06-01,-0.07685872276497811,-0.11611863229413612,-0.05369599645958853
Langfjordjokelen,2071-07-01,-0.15945742514458175,-0.006490925507993621,-0.013093782086618022
Langfjordjokelen,2071-08-01,-0.10107047874110542,-0.10043596326211875,0.12342564507646515
Langfjordjokelen,2071-09-01,-0.01055199533436474,-0.11267229722592435,0.14791585748780484
Langfjordjokelen,2071-10-01,-0.18184607175087872,0.011713652398210624,-0.1540813370414259
Langfjordjokelen,2071-11-01,0.0818211103804768,-0.015310503680816724,0.06964261936869587
Langfjordjokelen,2071-12-01,0.010869801101529727,-0.15017629485358427,0.08058098412423656
Langfjordjokelen,2072-01-01,0.04026621368385386,-0.011639896658668802,-0.18568165204739753
Langfjordjokelen,2072-02-01,0.017118900754527787,-0.030333261551869717,-0.1972807098232193
Langfjordjokelen,2072-03-01,0.027809147661634313,-0.07894407198652616,-0.12311573125484278
Langfjordjokelen,2072-04-01,-0.10037600531723878,-0.036750587810421766,-0.049578626986385065
Langfjordjokelen,2072-05-01,-0.12260009413720363,-0.017850593886798712,0.11404533755705515
Langfjordjokelen,2072-06-01,0.009932761931071342,-0.10261399327708982,-0.020637210082041436
Langfjordjokelen,2072-07-01,0.0712650411810309,0.09068419927612043,-0.039128744253340474
Langfjordjokelen,2072-08-01,0.025884993495361556,0.09980294699602708,0.06357469593857247
Langfjordjokelen,2072-09-01,-0.024514201561592622,-0.06828111069092267,0.18213761896291056
Langfjordjokelen,2072-10-01,0.0881378164980227,-0.06473955166418234,-0.2339300667636138
Langfjordjokelen,2072-11-01,-0.024270308575410293,-0.14184466256544934,0.05421780562522108
Langfjordjokelen,2072-12-01,0.021457647553354147,-0.1039096694652676,0.10688045878182499
Langfjordjokelen,2073-01-01,-0.019402346445075394,-0.0998104252928394,-0.16587835681253746
Langfjordjokelen,2073-02-01,0.06896462883662803,-0.017717916374876286,-0.06021700255328697
Langfjordjokelen,2073-03-01,-0.056707745859911916,-0.18536963640940896,-0.08492049194780471
Langfjordjokelen,2073-04-01,0.09776254678756403,-0.0680880568577962,-0.07082105825711506
Langfjordjokelen,2073-05-01,-0.0019291984653125524,-0.021106273706261437,-0.09058511493569786
Langfjordjokelen,2073-06-01,-0.02929018110687484,-0.09627193768669327,0.037732463532519904
Langfjordjokelen,2073-07-01,-0.08176833635821425,0.06439052921629233,0.04578539474481092
Langfjordjokelen,2073-08-01,-0.06803089617381528,0.004003437161194448,-0.07844772882550023
Langfjordjokelen,2073-09-01,-0.011280978368959318,-0.15138518711197857,-0.026088911255208822
Langfjordjokelen,2073-10-01,0.10778885124777249,-0.13623784490794394,0.10121107936527494
Langfjordjokelen,2073-11-01,0.027267207834579466,-0.07301453192096768,-0.11782843055444354
Langfjordjokelen,2073-12-01,-0.003261714448343558,0.06712177167820867,-0.10362454517807858
Langfjordjokelen,2074-01-01,-0.0669518023843488,0.004348313845250885,-0.1360947098596483
Langfjordjokelen,2074-02-01,-0.07714038316432204,0.01947394081793638,0.16983982033043862
Langfjordjokelen,2074-03-01,-0.08172180217822612,0.06507370364377985,0.021745559821924734
Langfjordjokelen,2074-04-01,0.05063954719484457,0.06459036688447325,-0.05344323876852278
Langfjordjokelen,2074-05-01,-0.013839651734181044,-0.0705401972890048,-0.022097853915196513
Langfjordjokelen,2074-06-01,-0.05634498843246944,-0.09353379344907287,-0.007783117517117279
Langfjordjokelen,2074-07-01,-0.10803780245409178,0.09876415601321699,-0.03646444444916321
Langfjordjokelen,2074-08-01,-0.14425453542350294,-0.09117396900398961,0.003939746756134031
Langfjordjokelen,2074-09-01,0.019729198967436645,-0.052239639842401535,0.10938335455870281
Langfjordjokelen,2074-10-01,0.10656285640759534,0.0006867186987005331,-0.008453010166597693
Langfjordjokelen,2074-11-01,-0.031808822567888584,-0.17023131239442554,0.012262823891787877
Langfjordjokelen,2074-12-01,-0.009723906041981019,-0.07429901589353576,-0.10218937073389738
Langfjordjokelen,2075-01-01,0.045205640199179165,-0.10348437754805911,0.03340699742611327
Langfjordjokelen,2075-02-01,-0.027954950933491454,0.11148900240009031,-0.16727712659566407
Langfjordjokelen,2075-03-01,-0.08674436060426245,-0.03740469533027813,-0.01480235991962999
Langfjordjokelen,2075-04-01,-0.14987774639810394,-0.057342312592141474,-0.11207603568553838
Langfjordjokelen,2075-05-01,0.0604121264494454,0.03655698256800182,0.009643437308189
Langfjordjokelen,2075-06-01,-0.04222425831205795,-0.06731729657559758,-0.07757822539523002
Langfjordjokelen,2075-07-01,-0.10244531576094373,0.07238716207267874,-0.08391428594655347
Langfjordjokelen,2075-08-01,-0.03996313715634573,0.09034307303594337,-0.08722780989948309
Langfjordjokelen,2075-09-01,0.01915751925023831,0.02321523585885597,-0.01484124006849996
Langfjordjokelen,2075-10-01,-0.05183789063022804,-0.02016428583012186,-0.05237329501191048
Langfjordjokelen,2075-11-01,-0.15003822199406108,-0.058130716572350506,-0.12120541547693596
Langfjordjokelen,2075-12-01,-0.006969074352251084,0.03046361761285325,0.09092497036685575
Langfjordjokelen,2076-01-01,-0.06424064666025954,0.09373844589225251,-0.23034863773276482
Langfjordjokelen,2076-02-01,-0.04748653566058636,0.008401633473550415,0.028387688562744803
Langfjordjokelen,2076-03-01,-0.12875098138694532,-0.10284174361415122,-0.09446883783857611
Langfjordjokelen,2076-04-01,0.003953790594678074,-0.08957904959224021,-0.10753616320313203
Langfjordjokelen,2076-05-01,-0.1442079349118813,-0.07736132026812013,0.1391086516641459
Langfjordjokelen,2076-06-01,-0.06683482150955386,-0.09515472498155557,0.037159251687288126
Langfjordjokelen,2076-07-01,-0.07501679140582518,-0.028502844271023647,-0.03089807578888625
Langfjordjokelen,2076-08-01,-0.10168464761026057,-0.0882054137699221,0.009125662202142086
Langfjordjokelen,2076-09-01,-0.018761820230625833,-0.0643643217981184,-0.10126168322743123
Langfjordjokelen,2076-10-01,-0.042558359975503696,0.13943776652978762,-0.14162371881528282
Langfjordjokelen,2076-11-01,0.02839138065975151,-0.037381969116016205,-0.05415866645770231
Langfjordjokelen,2076-12-01,-0.06192314819391125,0.03772569601133684,-0.09055395524239002
Langfjordjokelen,2077-01-01,0.12746383849295884,-0.05366874678732366,-0.002928008273818184
Langfjordjokelen,2077-02-01,0.008060738579164757,0.12558698438031834,0.03492377170838523
Langfjordjokelen,2077-03-01,-0.029583330345372135,-0.055948943740536605,0.05498855157056485
Langfjordjokelen,2077-04-01,-0.0405543634894718,-0.004745969644173812,0.025296847840513614
Langfjordjokelen,2077-05-01,-0.034891556362092874,-0.05162520101141743,-0.11479735206451387
Langfjordjokelen,2077-06-01,-0.10709184403375473,-0.07077659623651726,-0.004752643341054697
Langfjordjokelen,2077-07-01,-0.015592175775240443,-0.12093666361892312,0.006030393271053526
Langfjordjokelen,2077-08-01,-0.10587258889580586,-0.11164453517152263,-0.07576088456597563
Langfjordjokelen,2077-09-01,-0.047051329385542066,-0.11680144011228905,-0.07026444203194743
Langfjordjokelen,2077-10-01,0.075668481513357,0.15999229546930888,0.10430586939483766
Langfjordjokelen,2077-11-01,0.11159981041298507,0.07831585531605358,-0.10044432732300079
Langfjordjokelen,2077-12-01,-0.20680559168261634,-0.14642106407789968,-0.19049430536617473
Langfjordjokelen,2078-01-01,-0.049547849808956705,-0.03079616999950574,0.11826814500015288
Langfjordjokelen,2078-02-01,0.09824008856979487,-0.036592280545464255,-0.00020902192241293674
Langfjordjokelen,2078-03-01,-0.06254144968049645,-0.06202891195156551,-0.03760756204742718
Langfjordjokelen,2078-04-01,-0.014969192874541385,0.030539425376166985,0.07777648393913665
Langfjordjokelen,2078-05-01,-0.08958391874550443,0.02882720357189625,-0.1750425831880642
Langfjordjokelen,2078-06-01,-0.07781980104591937,-0.04478618893087747,-0.12896122792988987
Langfjordjokelen,2078-07-01,-0.06401642665045763,-0.11585067052214297,0.017372833421639148
Langfjordjokelen,2078-08-01,0.13221539156341358,-0.037518562445581174,0.0178832646195333
Langfjordjokelen,2078-09-01,0.09960793604980082,0.07867937899271525,0.1485770818323553
Langfjordjokelen,2078-10-01,-0.006623640947269062,0.018663782638799017,0.12836476940819372
Langfjordjokelen,2078-11-01,-0.13218310176578563,0.01179259215113612,-0.03212188798614237
Langfjordjokelen,2078-12-01,-0.017214080649427466,-0.14273140037635354,-0.1479577123024732
Langfjordjokelen,2079-01-01,-0.12173774032938356,0.05482332874401794,0.13577692425134494
Langfjordjokelen,2079-02-01,0.09577417618832894,-0.037958893827730565,-0.1507754173023416
Langfjordjokelen,2079-03-01,0.010354787923641381,0.03210043099369153,0.007123948858432244
Langfjordjokelen,2079-04-01,0.0006585949081980638,-0.09378088184192386,-0.08501813487120678
Langfjordjokelen,2079-05-01,-0.07929789125196617,-0.034857651108859106,-0.042007541239264035
Langfjordjokelen,2079-06-01,-0.04834630445431828,-0.14789091020119602,-0.01592203376067086
Langfjordjokelen,2079-07-01,-0.022267143789518728,-0.08747402296808525,-0.03485728814401716
Langfjordjokelen,2079-08-01,-0.04745898570913935,0.023300911808753252,-0.06327389577308444
Langfjordjokelen,2079-09-01,0.050614385601956906,-0.03074693591336429,0.044230434493206246
Langfjordjokelen,2079-10-01,-0.013270010230441151,0.010750063978500651,-0.21808307614487746
Langfjordjokelen,2079-11-01,-0.06197641983959138,0.12557858100293157,-0.07621487763484412
Langfjordjokelen,2079-12-01,0.00851793207964542,0.07716783554754503,0.07697649940027804
Langfjordjokelen,2080-01-01,-0.07871183105719086,0.041709889207604905,0.22258219656822723
Langfjordjokelen,2080-02-01,0.0019941436433577597,-0.1360640024792408,0.06129945515941187
Langfjordjokelen,2080-03-01,0.0825015361598566,-0.14986559150555714,0.008372463890589496
Langfjordjokelen,2080-04-01,-0.01539773366645216,-0.012129811614669457,-0.014841856041587026
Langfjordjokelen,2080-05-01,0.00660647298444092,0.11548108878682282,0.0018715166709462768
Langfjordjokelen,2080-06-01,0.009573121486776356,-0.038728974435276266,0.11939833523002297
Langfjordjokelen,2080-07-01,0.07755572621069491,-0.07456530588889566,-0.07267164607347469
Langfjordjokelen,2080-08-01,0.08628744259562537,-0.11595822905264976,-0.03488802095457321
Langfjordjokelen,2080-09-01,0.012045301329646702,-0.007399759088935393,-0.15890746041158174
Langfjordjokelen,2080-10-01,0.06269373174402577,-0.030143736146803064,0.07928579465119494
Langfjordjokelen,2080-11-01,0.01642135991627292,-0.11011000883406859,0.010010521168506073
Langfjordjokelen,2080-12-01,-0.018328673071728932,0.057433080191803244,-0.04022622076235845
Langfjordjokelen,2081-01-01,0.047747057343167865,0.06676664271109972,0.04606145379384994
Langfjordjokelen,2081-02-01,-0.15887669621515546,-0.09415048222947166,-0.011072994848409042
Langfjordjokelen,2081-03-01,0.08769719887093542,0.0119951142242025,-0.026667221795088885
Langfjordjokelen,2081-04-01,0.08918930934246354,-0.09606445950727428,-0.03162982082559057
Langfjordjokelen,2081-05-01,0.07756780675089825,-0.09520372285072871,-0.052702663865989464
Langfjordjokelen,2081-06-01,-0.0179137369974736,0.004416539408363292,-0.04936822900773774
Langfjordjokelen,2081-07-01,-0.06765206614117047,-0.025612588257257735,-0.06153714187384493
Langfjordjokelen,2081-08-01,-0.06939294522590535,-0.01566892663025018,-0.043276413286283684
Langfjordjokelen,2081-09-01,0.04781515535556791,-0.06797602340437096,-0.09596183645620458
Langfjordjokelen,2081-10-01,-0.04350727357778186,-0.12739844031575562,-0.12073192044374696
Langfjordjokelen,2081-11-01,-0.035467604871352636,0.01665435914029272,0.04591213150013401
Langfjordjokelen,2081-12-01,-0.1880217029143598,-0.01052959573328687,-0.026489851731356633
Langfjordjokelen,2082-01-01,-0.11088256561159643,-0.07993043415276171,-0.07320870843724799
Langfjordjokelen,2082-02-01,0.13386950541340403,0.02327992326595993,-0.25146070251218405
Langfjordjokelen,2082-03-01,-0.10701835334567854,-0.21745903837348787,-0.06198496172124609
Langfjordjokelen,2082-04-01,-0.062197749223505655,0.08204810373756105,0.00029681656785433597
Langfjordjokelen,2082-05-01,-0.06459656431184059,-0.03676943854099058,-0.09422779169788315
Langfjordjokelen,2082-06-01,0.06761091450504246,-0.12072961424823225,-0.07902438355320131
Langfjordjokelen,2082-07-01,-0.10288166837593983,0.05771969706993093,0.0017357541285428282
Langfjordjokelen,2082-08-01,-0.051882747052113216,-0.08822325556210904,0.04030111462863315
Langfjordjokelen,2082-09-01,-0.20724263645626317,-0.1141510459364302,-0.020046744581535283
Langfjordjokelen,2082-10-01,-0.019472438096241374,-0.0581046152102124,-0.10171954279448593
Langfjordjokelen,2082-11-01,-0.12327719781606317,-0.0456829549845007,0.024856768772536304
Langfjordjokelen,2082-12-01,0.06745081521367807,-0.10775224596102984,0.11448696856612393
Langfjordjokelen,2083-01-01,0.08813217705976284,0.03309977663423218,0.12141023530558959
Langfjordjokelen,2083-02-01,0.03750331425803207,-0.06393539175974472,-0.1340936270869662
Langfjordjokelen,2083-03-01,0.04582178176094148,-0.027868783404148872,0.053456984902737474
Langfjordjokelen,2083-04-01,-0.11424221639443792,-0.09787156755265576,-0.13285928348729245
Langfjordjokelen,2083-05-01,-0.002540220778551009,-0.06050680188479823,0.024034303907770144
Langfjordjokelen,2083-06-01,0.07609710113369302,-0.03785340218935386,-0.07341312496078024
Langfjordjokelen,2083-07-01,0.026657529670525853,0.0006519774321130772,-0.0015055855205647363
Langfjordjokelen,2083-08-01,0.10896450370746581,-0.13296377855227662,0.0749875888773912
Langfjordjokelen,2083-09-01,-0.10995633910541845,-0.16451514001136455,0.00720613627300104
Langfjordjokelen,2083-10-01,-0.13227755043299083,0.10144407071382994,-0.13787077033837697
Langfjordjokelen,2083-11-01,-0.15570818909132178,-0.07925186250824319,0.07203587670662207
Langfjordjokelen,2083-12-01,-0.09333205615028224,0.05709966525061975,0.013346676941810983
Langfjordjokelen,2084-01-01,0.03331415205991228,-0.16781934904403215,-0.07542204815231417
Langfjordjokelen,2084-02-01,-0.20499272081870634,-0.04859242530951391,-0.1474060169099708
Langfjordjokelen,2084-03-01,-0.08842962036059436,0.0720024508414958,-0.0767543201454924
Langfjordjokelen,2084-04-01,0.012997921619505791,0.04261414440416126,0.07327121296805149
Langfjordjokelen,2084-05-01,-0.017228856761309044,-0.035768670950685144,-0.05898600587999889
Langfjordjokelen,2084-06-01,-0.11936340826855914,-0.03224228662969963,-0.1138392113387165
Langfjordjokelen,2084-07-01,-0.13249523254867737,0.017085434049562826,-0.07100337161041782
Langfjordjokelen,2084-08-01,-0.07990586302153756,0.06477373007640479,-0.11189386504998762
Langfjordjokelen,2084-09-01,-0.0038452169585965063,-0.11012015556819747,0.178365119357728
Langfjordjokelen,2084-10-01,-0.1649372439853467,0.005522197153332725,0.021192886603316616
Langfjordjokelen,2084-11-01,0.04402832287974182,-0.022795819878061323,0.16046995613775009
Langfjordjokelen,2084-12-01,0.0477125033375198,-0.08036494490528555,0.0026489573132970692
Langfjordjokelen,2085-01-01,-0.052178129743002705,0.09337732251760872,-0.012879553045296546
Langfjordjokelen,2085-02-01,-0.08954200824493176,0.04650538478279145,-0.04346864651215012
Langfjordjokelen,2085-03-01,-0.18898216732367454,-0.029233590046586377,-0.006922381664453245
Langfjordjokelen,2085-04-01,-0.07218894725091801,0.021484833580889696,0.014533456103353423
Langfjordjokelen,2085-05-01,0.04903726409262441,-0.055789342077231734,0.055584349118204
Langfjordjokelen,2085-06-01,-0.09638573122282805,-0.011722188318122795,0.026543039079706992
Langfjordjokelen,2085-07-01,-0.09722500032773218,-0.0683324072063346,-0.021037150830938323
Langfjordjokelen,2085-08-01,-0.01691662238288966,-0.005758666205194778,-0.051132773659848085
Langfjordjokelen,2085-09-01,0.009419920260656927,-0.07444103927882102,0.0006667584561076296
Langfjordjokelen,2085-10-01,0.005331446507681904,-0.13692377128035935,-0.09857810696244267
Langfjordjokelen,2085-11-01,0.06917378566141637,-0.11923815623348122,0.07884531637222557
Langfjordjokelen,2085-12-01,-0.042614793814258034,-0.022286370363113785,-0.08462418926251414
Langfjordjokelen,2086-01-01,-0.18618383207484657,0.025562991848309496,-0.0986917466549642
Langfjordjokelen,2086-02-01,-0.24132605994127987,-0.015833565862303747,-0.028341409739147214
Langfjordjokelen,2086-03-01,0.031401207318547085,-0.06334344985931704,-0.10545363966115096
Langfjordjokelen,2086-04-01,0.0029201045351481803,0.10458118751004675,-0.01624419741304269
Langfjordjokelen,2086-05-01,-0.06638039758443719,-0.06040754234402618,-0.05653020840027329
Langfjordjokelen,2086-06-01,0.015900040568754357,-0.060198066199699925,-0.008090677269076462
Langfjordjokelen,2086-07-01,-0.11703788870208987,0.08298900081885967,-0.0923103170199515
Langfjordjokelen,2086-08-01,-0.08941625179085726,-0.07315920489061034,-0.06231475154530538
Langfjordjokelen,2086-09-01,-0.07498652073614324,0.015620553286721852,-0.003979834596471885
Langfjordjokelen,2086-10-01,-0.07932550901745188,-0.15632905081203707,-0.08141261806834363
Langfjordjokelen,2086-11-01,-0.07494697847961598,0.05689363388751356,0.00016595679896426463
Langfjordjokelen,2086-12-01,-0.10639060712574212,-0.04890660077067221,-0.02287214385939869
Langfjordjokelen,2087-01-01,-0.04787572311665156,0.04313285035186166,-0.07217215652510356
Langfjordjokelen,2087-02-01,-0.18422312003012908,-0.07291450220465935,0.14843537105586027
Langfjordjokelen,2087-03-01,-0.09929906656773646,0.01061073521993891,-0.056870723943250046
Langfjordjokelen,2087-04-01,-0.1049972061777945,-0.037139337524306294,-0.10189161439712131
Langfjordjokelen,2087-05-01,-0.02370933236790555,-0.043324546718125335,-0.06204015996037902
Langfjordjokelen,2087-06-01,0.005656656836797017,0.004415889105349867,-0.10554738709924343
Langfjordjokelen,2087-07-01,0.09230024196694171,-0.09776768450231994,0.005132168422063291
Langfjordjokelen,2087-08-01,0.020596530197384656,-0.09329996588650276,0.020541340694520918
Langfjordjokelen,2087-09-01,-0.09916682812923348,0.0002948717021174242,0.13790716217839052
Langfjordjokelen,2087-10-01,0.06166442200399619,-0.08924714389443376,-0.01025363896947365
Langfjordjokelen,2087-11-01,0.13901927932127509,-0.020420516041444462,-0.1621903051255946
Langfjordjokelen,2087-12-01,-0.005693593979315373,-0.01975090539241323,0.1117171113658987
Langfjordjokelen,2088-01-01,0.0415807498238201,-0.039834933369710016,0.0017509220177411831
Langfjordjokelen,2088-02-01,0.032393279054418106,-0.12430976013814438,-0.12049446878580417
Langfjordjokelen,2088-03-01,-0.11616563926837449,-0.13110107727548678,-0.03329301690233733
Langfjordjokelen,2088-04-01,0.040438320820537416,-0.02261341544393711,-0.08674980331249434
Langfjordjokelen,2088-05-01,-0.08323280971586831,0.04087091843783852,-0.07468422408806906
Langfjordjokelen,2088-06-01,-0.015411286241286445,-0.013483348044159613,-0.028013069660706862
Langfjordjokelen,2088-07-01,-0.04974037802086351,-0.0729811574578745,0.05667441197705412
Langfjordjokelen,2088-08-01,-0.07459302508567907,-0.025257256509563456,-0.06834450231596746
Langfjordjokelen,2088-09-01,-0.07335243081536816,0.04234724748976157,-0.06919891209500785
Langfjordjokelen,2088-10-01,0.04756192436565019,-0.06568712820823143,-0.0215323171549557
Langfjordjokelen,2088-11-01,0.01391445331704607,0.11844729537974928,0.007436336614150174
Langfjordjokelen,2088-12-01,-0.005219382664921291,0.03539956376400616,-0.10348173601572419
Langfjordjokelen,2089-01-01,-0.022013603361852253,-0.0658788364300695,0.0657320875900627
Langfjordjokelen,2089-02-01,-0.2242948400302286,-0.18532293318637713,0.03977262737443211
Langfjordjokelen,2089-03-01,-0.0650316629932549,-0.10323091575853144,-0.13635464233993075
Langfjordjokelen,2089-04-01,0.005875515330204746,0.07383069769286682,-0.11214479593940259
Langfjordjokelen,2089-05-01,-0.10723057524233313,-0.02821951701755951,-0.04998946772024998
Langfjordjokelen,2089-06-01,-0.08494636819918704,-0.0131608027052395,-0.08006722712426013
Langfjordjokelen,2089-07-01,-0.17551891737825395,-0.07584670181959298,-0.13106992323054834
Langfjordjokelen,2089-08-01,-0.014905307731810764,0.03279078490688563,0.06242290985243636
Langfjordjokelen,2089-09-01,0.008838537422676025,0.08309276541884418,0.05666011024975401
Langfjordjokelen,2089-10-01,-0.07135763655920933,-0.08913133443654186,-0.05791730717504875
Langfjordjokelen,2089-11-01,-0.13082734678496888,0.0949907619804697,0.05622934604259556
Langfjordjokelen,2089-12-01,-0.09280705115934178,0.015008763744738246,0.002932166576102233
Langfjordjokelen,2090-01-01,0.06822934893512819,-0.01051992639672811,0.06252403504527686
Langfjordjokelen,2090-02-01,0.00043118855595741107,0.0060097023476472335,-0.03786984414762379
Langfjordjokelen,2090-03-01,-0.09294578773104319,-0.04290428130163645,0.10274749741997656
Langfjordjokelen,2090-04-01,0.018838216362796485,-0.05000507583342908,0.1559105330185384
Langfjordjokelen,2090-05-01,0.0061519429773656984,-0.06716257648410347,-0.018983887101537148
Langfjordjokelen,2090-06-01,-0.016709684092175808,-0.04667847593873553,-0.07959895989610405
Langfjordjokelen,2090-07-01,-0.04661702057885178,-0.10403539167335651,0.0018499572400679763
Langfjordjokelen,2090-08-01,-0.05704968537946381,0.07887649642493323,0.05237071327866974
Langfjordjokelen,2090-09-01,-0.10620590917202459,0.06589217895377884,-0.028132656902589915
Langfjordjokelen,2090-10-01,0.09643598881787602,0.021943817137241917,-0.11136407049814044
Langfjordjokelen,2090-11-01,0.022045260050523124,-0.027815027509287448,-0.0689642578350023
Langfjordjokelen,2090-12-01,0.018083701378123467,-0.1182396153531306,-0.07610652542250892
Langfjordjokelen,2091-01-01,-0.0027938013732361094,0.08756797780423663,-0.009391052454540404
Langfjordjokelen,2091-02-01,-0.055524252650283545,-0.08918695540370596,-0.03772170616241032
Langfjordjokelen,2091-03-01,0.06104016261880246,0.004254458589012533,-0.07936747177794268
Langfjordjokelen,2091-04-01,-0.043197673184950415,-0.10067479015401594,-0.08193332690028887
Langfjordjokelen,2091-05-01,-0.03253269818936851,-0.02495286766768562,-0.023890338499184854
Langfjordjokelen,2091-06-01,-0.13239616501313628,0.08982234252013227,0.03534532539586111
Langfjordjokelen,2091-07-01,0.07394366067023701,-0.06488328234483999,0.055794407959058136
Langfjordjokelen,2091-08-01,-0.13636987736929831,-0.037276329737680775,-0.07110138883922594
Langfjordjokelen,2091-09-01,0.005843977132951231,-0.007940253670882774,0.0011137792882431861
Langfjordjokelen,2091-10-01,-0.1460274397681668,0.01969206760641209,-0.011557350061840005
Langfjordjokelen,2091-11-01,0.034818760558246765,0.06532851557086437,0.1553975586227373
Langfjordjokelen,2091-12-01,0.17273556659399605,-0.053982571462067495,0.13581971999442374
Langfjordjokelen,2092-01-01,-0.06742192953182032,-0.12643945584354518,0.018509085053191907
Langfjordjokelen,2092-02-01,0.04251963433326694,0.04610853801150865,-0.10693637409502567
Langfjordjokelen,2092-03-01,0.03058146356654638,-0.01686411934926323,0.017451255970873093
Langfjordjokelen,2092-04-01,-0.09863724207111714,0.068286573783849,0.055230925514376694
Langfjordjokelen,2092-05-01,-0.10014474649061715,-0.026427022011544402,-0.015040850655662722
Langfjordjokelen,2092-06-01,-0.012113690117709915,-0.06447280332654547,0.004830276671038286
Langfjordjokelen,2092-07-01,-0.038373635549719294,-0.17605451192601773,-0.04818210477718834
Langfjordjokelen,2092-08-01,-0.046904945360867874,-0.14210534786304505,-0.12057573034597985
Langfjordjokelen,2092-09-01,0.03310078347944267,-0.15755810486568014,-0.04947274273894418
Langfjordjokelen,2092-10-01,-0.15023614292605153,-0.028725463397938137,0.042140090759766574
Langfjordjokelen,2092-11-01,-0.053774093248156775,-0.1552485398821256,0.03831308594519412
Langfjordjokelen,2092-12-01,-0.25960489207484044,-0.013504501036727309,-0.07284570462574907
Langfjordjokelen,2093-01-01,-0.2599453066027538,-0.1777544728800127,-0.13024872930475498
Langfjordjokelen,2093-02-01,-0.011284028089034571,-0.05442457255816937,-0.05927129001718193
Langfjordjokelen,2093-03-01,-0.07627614303773499,0.050280046471998276,-0.015050911745570864
Langfjordjokelen,2093-04-01,0.14046542723146946,-0.04512151686077534,0.039999161234049875
Langfjordjokelen,2093-05-01,0.08169171126571204,0.05195647784800458,-0.10110978986901986
Langfjordjokelen,2093-06-01,-0.009583766864670877,0.0458255618265709,0.1252312275377496
Langfjordjokelen,2093-07-01,0.015160398641818259,-0.10883435650502625,0.1887622715385716
Langfjordjokelen,2093-08-01,-0.048939642820857054,-0.051907230987039775,-0.029840128496913216
Langfjordjokelen,2093-09-01,-0.034680665192637065,-0.037593550998897406,-0.16541732312210264
Langfjordjokelen,2093-10-01,-0.03877216732296981,-0.015046329458810771,0.04085776410592019
Langfjordjokelen,2093-11-01,-0.16012667014895168,-0.07768241534909542,0.1767113122024491
Langfjordjokelen,2093-12-01,0.005971852661162296,-0.07111443157282385,-0.23128201744190605
Langfjordjokelen,2094-01-01,-0.10079998596217633,-0.02493907570579443,-0.15696951040791932
Langfjordjokelen,2094-02-01,-0.02719593236984702,0.10159401565936506,0.003252194254225342
Langfjordjokelen,2094-03-01,-0.07429223801073549,0.07482824449631571,0.016213582358888572
Langfjordjokelen,2094-04-01,-0.02428191853003177,-0.02577280500403013,0.061089186337933477
Langfjordjokelen,2094-05-01,-0.06742039359628285,0.0341123151072178,-0.07339906507837944
Langfjordjokelen,2094-06-01,-0.015844923578256283,0.009493376486345998,0.06799303346473086
Langfjordjokelen,2094-07-01,0.019282646250801314,-0.09915073425307797,-0.16691820532393045
Langfjordjokelen,2094-08-01,0.007453467386976925,0.0385794251609406,-0.14583023922126026
Langfjordjokelen,2094-09-01,0.0005286145700394476,-0.15783176858656753,-0.06970087923382087
Langfjordjokelen,2094-10-01,-0.028579331000517915,0.015466599103806466,-0.0005327547669707935
Langfjordjokelen,2094-11-01,0.026856083688609905,-0.16097667508611022,-0.20727642817094316
Langfjordjokelen,2094-12-01,-0.0689101078183797,0.08793421881577845,0.13450869162365872
Langfjordjokelen,2095-01-01,-0.0706002308254196,0.06036806790610325,-0.05689508108961349
Langfjordjokelen,2095-02-01,-0.10492067485554148,0.1551899432606849,-0.1710820512945972
Langfjordjokelen,2095-03-01,0.11400127893488421,0.032346150735910746,-0.009976205239306741
Langfjordjokelen,2095-04-01,-0.09341952633306838,0.02761149330329161,-0.0702988685708405
Langfjordjokelen,2095-05-01,-0.04156192347723405,-0.009766225890833402,-0.10356127104022761
Langfjordjokelen,2095-06-01,0.032772472750868566,-0.012801592145776563,-0.0920127826019112
Langfjordjokelen,2095-07-01,-0.08804004795379881,0.001046367107325819,0.06366220855446535
Langfjordjokelen,2095-08-01,-0.05267429991157491,-0.073458162535448,-0.12565392966315814
Langfjordjokelen,2095-09-01,-0.06914115327339818,-0.05490368432646541,-0.04977345437487377
Langfjordjokelen,2095-10-01,-0.18484336708887958,-0.08231055464505936,0.05242177178381215
Langfjordjokelen,2095-11-01,-0.08652594164867554,-0.018877199795522718,-0.19269496012595533
Langfjordjokelen,2095-12-01,0.10929384853829364,-0.0703530999478889,-0.12562550420725374
Langfjordjokelen,2096-01-01,-0.042967543166353726,-0.14854740636771044,0.07201105198142523
Langfjordjokelen,2096-02-01,-0.021513563917484074,-0.1557160756986835,0.035324225467095856
Langfjordjokelen,2096-03-01,-0.04421056274533353,0.11730966715453817,-0.18962224620563495
Langfjordjokelen,2096-04-01,0.0160195023579916,-0.05480030569457812,-0.09261829562080137
Langfjordjokelen,2096-05-01,-0.0333355395660613,-0.028773407807591384,0.033875277850625996
Langfjordjokelen,2096-06-01,-0.0405518192783341,-0.057215265420428874,-0.09400011319410458
Langfjordjokelen,2096-07-01,-0.06847851125744513,0.019635842548886655,-0.058921281680651146
Langfjordjokelen,2096-08-01,-0.0040164715241626766,-0.1588251414051358,-0.06058398651028179
Langfjordjokelen,2096-09-01,-0.17497440781466014,0.03390087394839256,0.056340862788710165
Langfjordjokelen,2096-10-01,-0.09016498712992166,0.0016063910330790566,0.10820293883151173
Langfjordjokelen,2096-11-01,-0.10678735258655049,-0.008294328184117713,0.003307258390865979
Langfjordjokelen,2096-12-01,0.05673218115980353,-0.01408711519824283,-0.03840468390541454
Langfjordjokelen,2097-01-01,0.08201927890865567,-0.11048454989730815,-0.12700380201809924
Langfjordjokelen,2097-02-01,-0.0029720255675959755,-0.15312446545139632,0.0636561817990205
Langfjordjokelen,2097-03-01,0.07613465217030008,0.01706845014761589,-0.24027703205098905
Langfjordjokelen,2097-04-01,-0.01741093197312633,-0.001731683704772222,-0.08856866324522367
Langfjordjokelen,2097-05-01,0.1476768737284369,-0.044389421390797046,-0.12773188675089034
Langfjordjokelen,2097-06-01,-0.07585539660766004,-0.09066354341741441,0.06310372194595225
Langfjordjokelen,2097-07-01,0.0058604288170601955,-0.15369300432984534,-0.001957497442348089
Langfjordjokelen,2097-08-01,-0.009839727341687537,-0.05144088511371988,0.12380386319890363
Langfjordjokelen,2097-09-01,0.022710353137783718,0.0496780629433384,-0.08972436735013524
Langfjordjokelen,2097-10-01,0.03627200309166866,-0.004136724831339626,-0.08792562763858514
Langfjordjokelen,2097-11-01,0.05844667015568333,0.188869046498782,-0.039614725022565765
Langfjordjokelen,2097-12-01,-0.05075438568896066,0.04132276957044897,0.056346524819483434
Langfjordjokelen,2098-01-01,-0.03144022453722494,-0.08951105172582707,0.15168300925277167
Langfjordjokelen,2098-02-01,-0.03705844703515366,-0.15229811570404583,0.04373571463679116
Langfjordjokelen,2098-03-01,-0.07655705761673152,-0.0990683503983007,0.14145769608163797
Langfjordjokelen,2098-04-01,0.03694328173068811,-0.10080656025197902,0.06462254256678418
Langfjordjokelen,2098-05-01,-0.021416960623250908,-0.13181935275038395,-0.0029868969487394487
Langfjordjokelen,2098-06-01,-0.1073271481806171,-0.07308225518075917,0.009359170813756363
Langfjordjokelen,2098-07-01,0.03669632912882747,-0.0828140575883325,-0.05111542243596015
Langfjordjokelen,2098-08-01,-0.05672611518890582,-0.028444494824716504,0.038302669926543124
Langfjordjokelen,2098-09-01,0.07496509620524149,0.10259238475574063,0.005577809972550428
Langfjordjokelen,2098-10-01,0.17419669629476933,-0.053862846173545344,-0.02544477673163428
Langfjordjokelen,2098-11-01,-0.13003199902146637,-0.07037948238045759,-0.22914895403693394
Langfjordjokelen,2098-12-01,0.11104542893134604,0.059284655416465305,-0.22867550227703906
Langfjordjokelen,2099-01-01,-0.04694442178001703,-0.0906761226121028,-0.10094371530274203
Langfjordjokelen,2099-02-01,-0.07889402626846766,-0.09598818780317914,0.11204611888202652
Langfjordjokelen,2099-03-01,-0.01307943644841804,-0.0379788723429472,0.16822271457478966
Langfjordjokelen,2099-04-01,-0.10845611611249269,-0.004395074411367617,-0.059934919501722105
Langfjordjokelen,2099-05-01,-0.014590354104693724,-0.08416135532109231,0.11425970925405608
Langfjordjokelen,2099-06-01,-0.033384175877377735,0.00806715596504206,-0.08480798457514675
Langfjordjokelen,2099-07-01,-0.09099077211770294,0.09688096014002016,0.13869755878511117
Langfjordjokelen,2099-08-01,-0.13632309273608387,0.02137390429813324,-0.06446808271338934
Langfjordjokelen,2099-09-01,0.006849915838234202,0.0814743664108205,-0.08794705581001522
Langfjordjokelen,2099-10-01,0.13870944098354443,0.005238391443320061,0.07710956590427345
Langfjordjokelen,2099-11-01,0.061269216097254636,0.03133402939587949,-0.04156920277584789
Langfjordjokelen,2099-12-01,-0.05521813503804873,0.03248771655737306,-0.0356147007015823
Langfjordjokelen,2100-01-01,-0.11619606505866593,-0.04693889005035159,0.06624396641252675
Langfjordjokelen,2100-02-01,-0.06466029357439869,-0.20145727269948707,-0.011718101235773376
Langfjordjokelen,2100-03-01,-0.08885533920835127,-0.07718577230170019,-0.006318259536298105
Langfjordjokelen,2100-04-01,0.03646616467053924,0.09830238469849933,0.002095390265021801
Langfjordjokelen,2100-05-01,0.006592681883369471,0.07170600372662589,-0.027523756352025187
Langfjordjokelen,2100-06-01,-0.08925766914199566,0.06260635051484083,-0.10549215911007954
Langfjordjokelen,2100-07-01,-0.04755429666587128,0.1224244615394423,-0.04371110528283121
Langfjordjokelen,2100-08-01,-0.16318102227526987,0.05829447656201367,0.03096162174396298
Langfjordjokelen,2100-09-01,-0.06243584688301624,0.08580109850754973,0.004389348957130748
Langfjordjokelen,2100-10-01,-0.11985950806047235,0.009937242829068263,-0.025901346059435188
Langfjordjokelen,2100-11-01,0.11275469930638947,-0.09075757240384408,0.05166593379393292
Langfjordjokelen,2100-12-01,-0.13904116587542284,-0.14383240045991982,0.07675812654012686
