Glacier,Date,obs anomalies,obs 1950-2010,obs 2011-2022,ERA5 1950-2010,ERA5 2011-2022
Alfotbreen,1963-01-01,-1.0577242410255787,-1.0577242410255787,,-0.5561234222840491,
Alfotbreen,1964-01-01,-0.9164472797200697,-0.9164472797200697,,0.30695557001115786,
Alfotbreen,1965-01-01,0.19413703447670833,0.19413703447670833,,-0.5204962290010942,
Alfotbreen,1966-01-01,-1.1848680629630364,-1.1848680629630364,,-0.8594891069947798,
Alfotbreen,1967-01-01,0.8848203688314186,0.8848203688314186,,-0.33750592329263984,
Alfotbreen,1968-01-01,1.1077232124856666,1.1077232124856666,,0.42877729934462944,
Alfotbreen,1969-01-01,-1.0059148260927249,-1.0059148260927249,,-0.31954505845221415,
Alfotbreen,1970-01-01,-0.9360605118423624,-0.9360605118423624,,-0.8535860384187891,
Alfotbreen,1971-01-01,0.5826532140981083,0.5826532140981083,,-0.2176299300386225,
Alfotbreen,1972-01-01,0.2137684107240019,0.2137684107240019,,-0.6748469717643896,
Alfotbreen,1973-01-01,1.0182556661130113,1.0182556661130113,,0.15458259026060808,
Alfotbreen,1974-01-01,-0.0852620783997415,-0.0852620783997415,,0.4094468987765599,
Alfotbreen,1975-01-01,0.7600381181636366,0.7600381181636366,,0.7627666603324897,
Alfotbreen,1976-01-01,0.8094859618268151,0.8094859618268151,,0.34704752234712033,
Alfotbreen,1977-01-01,-1.2939488414579838,-1.2939488414579838,,-0.8273886783350739,
Alfotbreen,1978-01-01,-1.1424686448588828,-1.1424686448588828,,0.11179353839579409,
Alfotbreen,1979-01-01,-0.3889975659378352,-0.3889975659378352,,-0.742339378291117,
Alfotbreen,1980-01-01,-1.125198839881265,-1.125198839881265,,-0.769711013898769,
Alfotbreen,1981-01-01,0.4649375331143521,0.4649375331143521,,0.5979685559981252,
Alfotbreen,1982-01-01,-0.2916702114162623,-0.2916702114162623,,-0.2578088743664964,
Alfotbreen,1983-01-01,1.043385279239547,1.043385279239547,,1.579694326431886,
Alfotbreen,1984-01-01,0.643890769984663,0.643890769984663,,-0.24132654961256428,
Alfotbreen,1985-01-01,-1.1330405039051816,-1.1330405039051816,,-0.831435869282001,
Alfotbreen,1986-01-01,-1.2774541308202572,-1.2774541308202572,,-0.7565733286909389,
Alfotbreen,1987-01-01,0.8738601833229367,0.8738601833229367,,-0.5410536820583995,
Alfotbreen,1988-01-01,-0.9234775611540932,-0.9234775611540932,,-0.2059026394747023,
Alfotbreen,1989-01-01,1.7277952823751235,1.7277952823751235,,1.838437173008783,
Alfotbreen,1990-01-01,2.4098437142410245,2.4098437142410245,,0.9038884704486548,
Alfotbreen,1991-01-01,-0.16293991254901993,-0.16293991254901993,,0.1509446477835885,
Alfotbreen,1992-01-01,1.916951754539028,1.916951754539028,,1.0867840574979217,
Alfotbreen,1993-01-01,1.1093278335404522,1.1093278335404522,,1.1594278221975551,
Alfotbreen,1994-01-01,0.11804567725721464,0.11804567725721464,,0.1940078627514689,
Alfotbreen,1995-01-01,1.5653367561425384,1.5653367561425384,,0.23606336728593239,
Alfotbreen,1996-01-01,-1.7726895176669288,-1.7726895176669288,,-1.220424270588678,
Alfotbreen,1997-01-01,0.4908603847057798,0.4908603847057798,,0.145780715864572,
Alfotbreen,1998-01-01,-0.24534088923764952,-0.24534088923764952,,-0.016619178207499117,
Alfotbreen,1999-01-01,0.7428046014360207,0.7428046014360207,,0.0032004718042906942,
Alfotbreen,2000-01-01,1.333023915659591,1.333023915659591,,0.9949767152267638,
Alfotbreen,2001-01-01,-1.8825635346267686,-1.8825635346267686,,-0.8789598146591944,
Alfotbreen,2002-01-01,-0.10876892634649084,-0.10876892634649084,,0.22420527118387526,
Alfotbreen,2003-01-01,-1.3755384355567202,-1.3755384355567202,,0.4640931315254342,
Alfotbreen,2004-01-01,-0.52003500369975,-0.52003500369975,,-0.5145378535072137,
Alfotbreen,2005-01-01,1.1619304869381972,1.1619304869381972,,1.0518608998861618,
Alfotbreen,2006-01-01,-1.1251625516312624,-1.1251625516312624,,0.11521536189630183,
Alfotbreen,2007-01-01,0.6384288213554234,0.6384288213554234,,0.8794512077716036,
Alfotbreen,2008-01-01,0.7286896061929706,0.7286896061929706,,0.26781108212985316,
Alfotbreen,2009-01-01,-0.007511667750458735,-0.007511667750458735,,-0.17749132355945063,
Alfotbreen,2010-01-01,-1.6211911769428269,-1.6211911769428269,,-1.1386664141013756,
Alfotbreen,2011-01-01,-0.10247745100235624,,-0.10247745100235624,,0.049440004144380094
Alfotbreen,2012-01-01,0.2428642161749991,,0.2428642161749991,,-0.1572123654104328
Alfotbreen,2013-01-01,-0.4933370577684307,,-0.4933370577684307,,-0.6084597230676577
Alfotbreen,2014-01-01,0.005053138812809164,,0.005053138812809164,,-0.933414767209232
Alfotbreen,2015-01-01,0.5952724530363792,,0.5952724530363792,,0.764243086514932
Alfotbreen,2016-01-01,0.56309441435082,,0.56309441435082,,-0.29743377989114145
Alfotbreen,2017-01-01,-0.38737480075804875,,-0.38737480075804875,,0.20918850729160784
Alfotbreen,2018-01-01,-0.7766660747193398,,-0.7766660747193398,,-0.028181385716002056
Alfotbreen,2019-01-01,-1.2067702898550001,,-1.2067702898550001,,-0.075105181076982
Alfotbreen,2020-01-01,1.3730799066190706,,1.3730799066190706,,1.284849449390907
Alfotbreen,2021-01-01,-0.49568048491310474,,-0.49568048491310474,,-0.9826376007197762
Alfotbreen,2022-01-01,-0.2727776412588577,,-0.2727776412588577,,1.0136536735696655
Austdalsbreen,1988-01-01,-0.7333327869098054,-0.7333327869098054,,-0.3907243079376583,
Austdalsbreen,1989-01-01,1.3298708039537492,1.3298708039537492,,1.59702703397065,
Austdalsbreen,1990-01-01,2.12619499691863,2.12619499691863,,0.39118220650162194,
Austdalsbreen,1991-01-01,-1.141366670908337,-1.141366670908337,,-0.24578871908808433,
Austdalsbreen,1992-01-01,0.7573071280203247,0.7573071280203247,,0.9943995456550393,
Austdalsbreen,1993-01-01,0.45128171502142345,0.45128171502142345,,0.636113094560301,
Austdalsbreen,1994-01-01,-0.841922449586835,-0.841922449586835,,-0.6349076099751084,
Austdalsbreen,1995-01-01,0.6947858070850629,0.6947858070850629,,-0.1561288425604183,
Austdalsbreen,1996-01-01,-1.7830328594544242,-1.7830328594544242,,-1.3505653614013926,
Austdalsbreen,1997-01-01,0.6585892528593896,0.6585892528593896,,-0.12466962046760732,
Austdalsbreen,1998-01-01,-0.09166659836372215,-0.09166659836372215,,-0.15639185883904225,
Austdalsbreen,1999-01-01,-0.2331622194277312,-0.2331622194277312,,-0.5522701051431667,
Austdalsbreen,2000-01-01,1.3035460372441663,1.3035460372441663,,0.6430491581236931,
Austdalsbreen,2001-01-01,-1.6185030675195309,-1.6185030675195309,,-0.8754467594258344,
Austdalsbreen,2002-01-01,-0.14760672762158467,-0.14760672762158467,,0.13717447518394868,
Austdalsbreen,2003-01-01,-0.9636744956186537,-0.9636744956186537,,-0.03254903849658489,
Austdalsbreen,2004-01-01,-0.9241873455542805,-0.9241873455542805,,-1.1043080258620934,
Austdalsbreen,2005-01-01,1.1225632661157845,1.1225632661157845,,0.8237298010241157,
Austdalsbreen,2006-01-01,-1.3388024212302125,-1.3388024212302125,,-0.26897999563741504,
Austdalsbreen,2007-01-01,0.5763243568919385,0.5763243568919385,,0.4334503777084453,
Austdalsbreen,2008-01-01,0.45128171502142495,0.45128171502142495,,0.08618099652557087,
Austdalsbreen,2009-01-01,-0.3154271153951769,-0.3154271153951769,,-0.23535320529514783,
Austdalsbreen,2010-01-01,-1.7567080927448389,-1.7567080927448389,,-2.031871010327072,
Austdalsbreen,2011-01-01,-0.4174355863948124,,-0.4174355863948124,,-0.15867516016397254
Austdalsbreen,2012-01-01,1.0205547951161498,,1.0205547951161498,,-0.22863561000722507
Austdalsbreen,2013-01-01,-0.7168798077163135,,-0.7168798077163135,,-0.9562122025798274
Austdalsbreen,2014-01-01,0.17816226040950228,,0.17816226040950228,,-0.9559511841347262
Austdalsbreen,2015-01-01,0.8428626198264676,,0.8428626198264676,,0.4805209086869134
Austdalsbreen,2016-01-01,0.010341872635908914,,0.010341872635908914,,-0.8662321060686846
Austdalsbreen,2017-01-01,0.7244011696333432,,0.7244011696333432,,0.4313198142160491
Austdalsbreen,2018-01-01,-0.07521361917023725,,-0.07521361917023725,,-0.21738224278137788
Austdalsbreen,2019-01-01,-0.6115807408779828,,-0.6115807408779828,,-0.18580406080686207
Austdalsbreen,2020-01-01,1.5832466835334862,,1.5832466835334862,,1.4920415901613726
Austdalsbreen,2021-01-01,-0.5819653783297042,,-0.5819653783297042,,-1.469917807222572
Austdalsbreen,2022-01-01,0.46115350253751525,,0.46115350253751525,,0.9167934731998729
Engabreen,1970-01-01,-1.149287822805378,-1.149287822805378,,-0.5443843895635866,
Engabreen,1971-01-01,0.5430835103835008,0.5430835103835008,,0.07354130235835533,
Engabreen,1972-01-01,0.5212623248267694,0.5212623248267694,,-0.4143452568455824,
Engabreen,1973-01-01,1.8102942418402128,1.8102942418402128,,0.3261003116947561,
Engabreen,1974-01-01,0.7657195366957656,0.7657195366957656,,0.0554063343579227,
Engabreen,1975-01-01,0.11007926857763256,0.11007926857763256,,0.17887054369021746,
Engabreen,1976-01-01,1.1542265400559863,1.1542265400559863,,-0.08525364054354363,
Engabreen,1977-01-01,-0.9995315595709118,-0.9995315595709118,,-0.5227560353204688,
Engabreen,1978-01-01,-0.9925427868293972,-0.9925427868293972,,-0.17054414952728134,
Engabreen,1979-01-01,0.7286385046577271,0.7286385046577271,,-0.5813971514908164,
Engabreen,1980-01-01,-0.30153122133759763,-0.30153122133759763,,-0.37172568551238677,
Engabreen,1981-01-01,-0.12168269880660745,-0.12168269880660745,,0.30830149738893486,
Engabreen,1982-01-01,-0.8493478626703541,-0.8493478626703541,,-0.25994871690481985,
Engabreen,1983-01-01,-0.9431939439726991,-0.9431939439726991,,0.19582762302416387,
Engabreen,1984-01-01,1.3109715760319673,1.3109715760319673,,-0.41911175664037986,
Engabreen,1985-01-01,-2.023994813822998,-2.023994813822998,,-0.6124191301839327,
Engabreen,1986-01-01,-0.2163836474411371,-0.2163836474411371,,-0.7194581297613766,
Engabreen,1987-01-01,-0.48308947853295536,-0.48308947853295536,,-0.2450779669390951,
Engabreen,1988-01-01,-0.8650351428177553,-0.8650351428177553,,-0.2569101365823038,
Engabreen,1989-01-01,2.080569376344807,2.080569376344807,,0.8452553042201462,
Engabreen,1990-01-01,0.7623000673670267,0.7623000673670267,,-0.1840367175501426,
Engabreen,1991-01-01,-0.36870451267215787,-0.36870451267215787,,0.4234704135288772,
Engabreen,1992-01-01,1.5829564452009328,1.5829564452009328,,0.8691875038450941,
Engabreen,1993-01-01,0.22147219877578445,0.22147219877578445,,0.15097147026149413,
Engabreen,1994-01-01,-1.5721614221230467,-1.5721614221230467,,-0.42986848948869444,
Engabreen,1995-01-01,0.6820040978816195,0.6820040978816195,,-0.1311616724386381,
Engabreen,1996-01-01,0.11279370465822566,0.11279370465822566,,-0.15702039415040242,
Engabreen,1997-01-01,2.0788596416804377,2.0788596416804377,,0.5541231121111508,
Engabreen,1998-01-01,-0.0748984579464635,-0.0748984579464635,,-0.05629315239252567,
Engabreen,1999-01-01,-1.2059030379856481,-1.2059030379856481,,-0.2540465930755679,
Engabreen,2000-01-01,-0.33461551629676434,-0.33461551629676434,,0.2818748470903449,
Engabreen,2001-01-01,-1.9409844082570002,-1.9409844082570002,,-0.24250286808135316,
Engabreen,2002-01-01,-0.1045632835768938,-0.1045632835768938,,0.17389805997836827,
Engabreen,2003-01-01,-0.7890135099932725,-0.7890135099932725,,-0.26287625427592337,
Engabreen,2004-01-01,-0.13380067554123076,-0.13380067554123076,,-0.45732108563356005,
Engabreen,2005-01-01,0.4061723257178261,0.4061723257178261,,0.27516870376972924,
Engabreen,2006-01-01,-1.704370836461706,-1.704370836461706,,0.40335116043224367,
Engabreen,2007-01-01,0.5497946835429606,0.5497946835429606,,0.020390727283209637,
Engabreen,2008-01-01,-0.26430035521552026,-0.26430035521552026,,-0.19816846672631364,
Engabreen,2009-01-01,0.16043281285055436,0.16043281285055436,,-0.24977719255160613,
Engabreen,2010-01-01,-1.1146215586798573,-1.1146215586798573,,-0.2812615791223248,
Engabreen,2011-01-01,0.0879804834388468,,0.0879804834388468,,0.16611310023874096
Engabreen,2012-01-01,0.5415236098031702,,0.5415236098031702,,-0.31873210790565754
Engabreen,2013-01-01,-0.7047208034289967,,-0.7047208034289967,,-0.2196920284022417
Engabreen,2014-01-01,-0.2943926145120445,,-0.2943926145120445,,-0.9293875471502395
Engabreen,2015-01-01,0.6777297612206958,,0.6777297612206958,,-0.09409220871266022
Engabreen,2016-01-01,-0.20839017328339857,,-0.20839017328339857,,-0.22742704043834572
Engabreen,2017-01-01,1.2390965143703925,,1.2390965143703925,,0.6417327344310503
Engabreen,2018-01-01,-1.5340756886687872,,-1.5340756886687872,,-0.4240734682960327
Engabreen,2019-01-01,0.9073545602744756,,0.9073545602744756,,-0.19905788907635966
Engabreen,2020-01-01,1.2888727908931847,,1.2888727908931847,,0.8761846954783152
Engabreen,2021-01-01,0.07143833595926345,,0.07143833595926345,,-0.6848417840499178
Engabreen,2022-01-01,0.8995109202007759,,0.8995109202007759,,0.4543825012013194
Grafjellsbrea,1964-01-01,-0.5862717809290728,-0.5862717809290728,,-0.34467750463125085,
Grafjellsbrea,1965-01-01,-0.5543026365661029,-0.5543026365661029,,0.06520108135690857,
Grafjellsbrea,1966-01-01,-1.033766778880958,-1.033766778880958,,-1.223736429196933,
Grafjellsbrea,1967-01-01,0.7109091859845027,0.7109091859845027,,0.4616819771887206,
Grafjellsbrea,1968-01-01,1.2662054143899002,1.2662054143899002,,0.9460443027145331,
Grafjellsbrea,1974-01-01,-0.21900514784096478,-0.21900514784096478,,-0.03528228863008211,
Grafjellsbrea,1975-01-01,0.26492829637682896,0.26492829637682896,,0.23887430680852975,
Grafjellsbrea,2003-01-01,-0.29097893994127305,-0.29097893994127305,,0.5124323365020838,
Grafjellsbrea,2004-01-01,-0.11628422720309567,-0.11628422720309567,,-0.5326600421674276,
Grafjellsbrea,2005-01-01,1.2002150325367444,1.2002150325367444,,1.172958967676623,
Grafjellsbrea,2006-01-01,-0.873017956634597,-0.873017956634597,,-0.5040153004385587,
Grafjellsbrea,2007-01-01,1.7517990132113104,1.7517990132113104,,1.2403500436208836,
Grafjellsbrea,2008-01-01,0.641963610572622,0.641963610572622,,0.42122613032416184,
Grafjellsbrea,2009-01-01,0.2695436445391702,0.2695436445391702,,0.007894072862084075,
Grafjellsbrea,2010-01-01,-0.7094599870889132,-0.7094599870889132,,-0.7038149114641751,
Grafjellsbrea,2011-01-01,-0.24931413760032078,,-0.24931413760032078,,-1.053166553678506
Grafjellsbrea,2012-01-01,1.007716135316516,,1.007716135316516,,0.3871578055383222
Grafjellsbrea,2013-01-01,-2.4808787402423,,-2.4808787402423,,-0.020971098222439075
Grasubreen,1962-01-01,0.2680848780508929,0.2680848780508929,,-0.11625156593248877,
Grasubreen,1963-01-01,-1.5919221343563688,-1.5919221343563688,,-0.4721638079459036,
Grasubreen,1964-01-01,-1.7450318255709085,-1.7450318255709085,,-0.2710731552627359,
Grasubreen,1965-01-01,-0.10996337077402468,-0.10996337077402468,,0.0028542459902499476,
Grasubreen,1966-01-01,-0.26307306198856445,-0.26307306198856445,,-0.353584035805426,
Grasubreen,1967-01-01,2.7131290023168866,2.7131290023168866,,-0.02119257304209123,
Grasubreen,1968-01-01,1.0156836395470272,1.0156836395470272,,0.27166606619101125,
Grasubreen,1969-01-01,-0.315998011538678,-0.315998011538678,,0.0283523280956897,
Grasubreen,1970-01-01,-0.8348714144373723,-0.8348714144373723,,-0.3567780890111474,
Grasubreen,1971-01-01,-1.1099023428799633,-1.1099023428799633,,-0.005646806773002481,
Grasubreen,1972-01-01,-0.4502037859074958,-0.4502037859074958,,0.043655179184944666,
Grasubreen,1973-01-01,-0.19690935302853038,-0.19690935302853038,,0.08368339586652,
Grasubreen,1974-01-01,-0.7157827559272247,-0.7157827559272247,,0.5601940832509381,
Grasubreen,1975-01-01,0.594162399594855,0.594162399594855,,0.5424697743461117,
Grasubreen,1976-01-01,-0.574957601853448,-0.574957601853448,,0.045349763624140615,
Grasubreen,1977-01-01,-1.0125501799334413,-1.0125501799334413,,-0.40149526108909495,
Grasubreen,1978-01-01,-0.35285162296097017,-0.35285162296097017,,0.34614669885145927,
Grasubreen,1979-01-01,0.631970233286305,0.631970233286305,,-0.47174960021768086,
Grasubreen,1980-01-01,-1.309317603939658,-1.309317603939658,,-0.3190076850714167,
Grasubreen,1981-01-01,-0.6089786345578365,-0.6089786345578365,,0.02835611457074656,
Grasubreen,1982-01-01,-1.0059308002284828,-1.0059308002284828,,-0.1968068002438458,
Grasubreen,1983-01-01,0.710418479387102,0.710418479387102,,0.554757537334217,
Grasubreen,1984-01-01,0.9637129122660675,0.9637129122660675,,0.320467230470471,
Grasubreen,1985-01-01,0.0790757976832185,0.0790757976832185,,-0.3384855519407819,
Grasubreen,1986-01-01,-1.293246265811837,-1.293246265811837,,0.12222351742015602,
Grasubreen,1987-01-01,0.8701475503066034,0.8701475503066034,,-0.5621254548843228,
Grasubreen,1988-01-01,1.4079248700510232,1.4079248700510232,,0.4993603244630303,
Grasubreen,1989-01-01,1.579938478111288,1.579938478111288,,0.6609195940301164,
Grasubreen,1990-01-01,2.402198684721161,2.402198684721161,,0.5593686260723759,
Grasubreen,1991-01-01,-0.229976163463761,-0.229976163463761,,0.1912797553647316,
Grasubreen,1992-01-01,-0.09860296781285086,-0.09860296781285086,,0.05930429701014763,
Grasubreen,1993-01-01,0.8455784760250742,0.8455784760250742,,0.4413032185316352,
Grasubreen,1994-01-01,1.8710407446816995,1.8710407446816995,,0.4128923829014157,
Grasubreen,1995-01-01,1.961773527923263,1.961773527923263,,0.3003888567626699,
Grasubreen,1996-01-01,-0.7516821450803595,-0.7516821450803595,,-0.38996189269378306,
Grasubreen,1997-01-01,-0.010702763289187697,-0.010702763289187697,,-0.2599165528163951,
Grasubreen,1998-01-01,0.3238724944084793,0.3238724944084793,,0.09243515944058728,
Grasubreen,1999-01-01,0.8210094017435482,0.8210094017435482,,0.2655308940618522,
Grasubreen,2000-01-01,0.6678997105290084,0.6678997105290084,,0.2745518876375732,
Grasubreen,2001-01-01,0.39286878208641746,0.39286878208641746,,-0.11197221646040245,
Grasubreen,2002-01-01,-0.28856627044968275,-0.28856627044968275,,0.12675447926966332,
Grasubreen,2003-01-01,-1.0512821478044803,-1.0512821478044803,,0.20505048327461992,
Grasubreen,2004-01-01,-0.9605493645629166,-0.9605493645629166,,0.007115641454334946,
Grasubreen,2005-01-01,0.5525978530059151,0.5525978530059151,,0.4557653463112803,
Grasubreen,2006-01-01,-0.7790837980797896,-0.7790837980797896,,0.13960520785618794,
Grasubreen,2007-01-01,-0.36322771556342187,-0.36322771556342187,,0.40403616334319087,
Grasubreen,2008-01-01,0.9873578523680084,0.9873578523680084,,0.46754211464390916,
Grasubreen,2009-01-01,0.468484449469314,0.468484449469314,,0.12233748783869947,
Grasubreen,2010-01-01,-0.5787143147509373,-0.5787143147509373,,-0.46245500526319133,
Grasubreen,2011-01-01,-0.12221781982521897,,-0.12221781982521897,,-0.3071430048332297
Grasubreen,2012-01-01,0.21235743787244762,,0.21235743787244762,,0.18840185221878544
Grasubreen,2013-01-01,-0.30651596502625034,,-0.30651596502625034,,-0.21911010970519698
Grasubreen,2014-01-01,0.8815079532677776,,0.8815079532677776,,0.35791910804717025
Grasubreen,2015-01-01,0.40327496277843383,,0.40327496277843383,,0.5479994599785298
Grasubreen,2016-01-01,0.37208650879194577,,0.37208650879194577,,0.021224468798773436
Grasubreen,2017-01-01,-1.650482153252718,,-1.650482153252718,,-0.15566951450241792
Grasubreen,2018-01-01,-1.1127048335082987,,-1.1127048335082987,,0.37591711412352513
Grasubreen,2019-01-01,-1.5909378239976426,,-1.5909378239976426,,-0.02211802605168903
Grasubreen,2020-01-01,0.20669228043664303,,0.20669228043664303,,0.4900433573537617
Grasubreen,2021-01-01,-0.19025988523399964,,-0.19025988523399964,,-0.5804616398350265
Grasubreen,2022-01-01,-0.6278524633139929,,-0.6278524633139929,,0.2331081358819681
Hansebreen,1986-01-01,-1.6486781882006722,-1.6486781882006722,,-1.0377604141953087,
Hansebreen,1987-01-01,-0.08470431158161387,-0.08470431158161387,,-0.8576525619433749,
Hansebreen,1988-01-01,-1.2575520635545312,-1.2575520635545312,,-0.4328183987831055,
Hansebreen,1989-01-01,0.932643711132183,0.932643711132183,,1.560273180036943,
Hansebreen,1990-01-01,0.9426595443981705,0.9426595443981705,,0.5135561881789711,
Hansebreen,1991-01-01,-0.3809453311836273,-0.3809453311836273,,-0.08219528447708006,
Hansebreen,1992-01-01,1.183028545435431,1.183028545435431,,1.0080349253409848,
Hansebreen,1993-01-01,1.1350608696210802,1.1350608696210802,,1.0457499829151249,
Hansebreen,1994-01-01,0.020196626728501057,0.020196626728501057,,-0.12026740592964891,
Hansebreen,1995-01-01,1.2942529579458675,1.2942529579458675,,0.033873927042741565,
Hansebreen,1996-01-01,-1.8268406991264226,-1.8268406991264226,,-1.1609292237989037,
Hansebreen,1997-01-01,0.4329352864566974,0.4329352864566974,,0.013074685399230818,
Hansebreen,1998-01-01,-0.357221305585986,-0.357221305585986,,-0.20119820616093234,
Hansebreen,1999-01-01,0.9748185347117182,0.9748185347117182,,-0.3148495084593324,
Hansebreen,2000-01-01,1.355928826091872,1.355928826091872,,0.9113325891130247,
Hansebreen,2001-01-01,-2.020292270933907,-2.020292270933907,,-0.8374247738888311,
Hansebreen,2002-01-01,0.11191999467246853,0.11191999467246853,,0.03944302960829887,
Hansebreen,2003-01-01,-1.2232815827253967,-1.2232815827253967,,0.23445290952523637,
Hansebreen,2004-01-01,-0.5406570441274829,-0.5406570441274829,,-0.7940504898866583,
Hansebreen,2005-01-01,1.2900409742611327,1.2900409742611327,,1.0207804341805038,
Hansebreen,2006-01-01,-1.158443977479231,-1.158443977479231,,-0.2210604889400709,
Hansebreen,2007-01-01,0.7766243572539938,0.7766243572539938,,0.714109923215218,
Hansebreen,2008-01-01,0.9953808232091994,0.9953808232091994,,0.06286503047954346,
Hansebreen,2009-01-01,0.11245061663797438,0.11245061663797438,,-0.2537660102679013,
Hansebreen,2010-01-01,-1.4778784007133798,-1.4778784007133798,,-1.2621275449606333,
Hansebreen,2011-01-01,0.074498774089611,,0.074498774089611,,-0.05979066463405155
Hansebreen,2012-01-01,0.2932552400448166,,0.2932552400448166,,-0.08738398465803372
Hansebreen,2013-01-01,-0.5896749665264084,,-0.5896749665264084,,-0.6308960308984021
Hansebreen,2014-01-01,0.23210999386431783,,0.23210999386431783,,-1.1490136572497536
Hansebreen,2015-01-01,0.8335576197497574,,0.8335576197497574,,0.6078641205327779
Hansebreen,2016-01-01,0.5536559076140525,,0.5536559076140525,,-0.5268749408488583
Hansebreen,2017-01-01,0.15778717731767106,,0.15778717731767106,,0.26958477335254866
Hansebreen,2018-01-01,-0.7831265383338928,,-0.7831265383338928,,-0.24583366564159118
Hansebreen,2019-01-01,-1.457316112215899,,-1.457316112215899,,-0.10676430579363742
Hansebreen,2020-01-01,1.5678421932276885,,1.5678421932276885,,1.3021192797786563
Hansebreen,2021-01-01,-0.4051779840538993,,-0.4051779840538993,,-0.8852334979013845
Hansebreen,2022-01-01,-0.05885779812194869,,-0.05885779812194869,,0.8916664755781456
Hellstugubreen,1962-01-01,0.15176973328391097,0.15176973328391097,,-0.10728592288521584,
Hellstugubreen,1963-01-01,-0.7752601020501649,-0.7752601020501649,,-0.6363930706507708,
Hellstugubreen,1964-01-01,-1.5528903717205906,-1.5528903717205906,,-0.2295790559249239,
Hellstugubreen,1965-01-01,0.6201207804661203,0.6201207804661203,,-0.16317562276116315,
Hellstugubreen,1966-01-01,-0.643058077611176,-0.643058077611176,,-0.6813991826268776,
Hellstugubreen,1967-01-01,1.380553508911884,1.380553508911884,,-0.19767702701207254,
Hellstugubreen,1968-01-01,1.0137720448165026,1.0137720448165026,,0.3072560095080437,
Hellstugubreen,1969-01-01,-0.6229057274199244,-0.6229057274199244,,-0.08888258176898578,
Hellstugubreen,1970-01-01,-1.5872854541699155,-1.5872854541699155,,-0.6848795344103631,
Hellstugubreen,1971-01-01,-0.011872564637812456,-0.011872564637812456,,-0.07165120372031193,
Hellstugubreen,1972-01-01,-0.6774531600604992,-0.6774531600604992,,-0.3769306981676757,
Hellstugubreen,1973-01-01,0.30036146681699183,0.30036146681699183,,0.06738024041860151,
Hellstugubreen,1974-01-01,-0.40256902002160555,-0.40256902002160555,,0.47899944905316966,
Hellstugubreen,1975-01-01,0.9113946295991039,0.9113946295991039,,0.7458899901366797,
Hellstugubreen,1976-01-01,0.13376435992867766,0.13376435992867766,,0.16407887894621126,
Hellstugubreen,1977-01-01,-1.5776131951395755,-1.5776131951395755,,-0.6737679498018435,
Hellstugubreen,1978-01-01,-0.18894976268703828,-0.18894976268703828,,0.28064431052287014,
Hellstugubreen,1979-01-01,1.2370635611814098,1.2370635611814098,,-0.7950582693119755,
Hellstugubreen,1980-01-01,-1.0719122565414536,-1.0719122565414536,,-0.5710239051294482,
Hellstugubreen,1981-01-01,-0.16879741249578673,-0.16879741249578673,,0.18126201059301325,
Hellstugubreen,1982-01-01,-0.9464276821662125,-0.9464276821662125,,-0.3655764327165775,
Hellstugubreen,1983-01-01,1.3759830356841507,1.3759830356841507,,1.0217762689604981,
Hellstugubreen,1984-01-01,0.44895320035007275,0.44895320035007275,,0.11959222273810836,
Hellstugubreen,1985-01-01,0.04482184483878053,0.04482184483878053,,-0.5681706729766204,
Hellstugubreen,1986-01-01,-1.1810071218226026,-1.1810071218226026,,-0.23529845939369606,
Hellstugubreen,1987-01-01,0.20765631062993223,0.20765631062993223,,-0.7545170235220023,
Hellstugubreen,1988-01-01,0.6999223491005532,0.6999223491005532,,0.2987503214354392,
Hellstugubreen,1989-01-01,2.125935672969003,2.125935672969003,,1.2293414852037137,
Hellstugubreen,1990-01-01,2.7676012771032763,2.7676012771032763,,0.6915140260214407,
Hellstugubreen,1991-01-01,-0.400422043185589,-0.400422043185589,,0.08204914145500804,
Hellstugubreen,1992-01-01,0.3532932351964248,0.3532932351964248,,0.5229450138487035,
Hellstugubreen,1993-01-01,0.65880981658748,0.65880981658748,,0.7172560685397035,
Hellstugubreen,1994-01-01,0.7028771580671431,0.7028771580671431,,0.393275869905142,
Hellstugubreen,1995-01-01,1.3071928707855027,1.3071928707855027,,0.2817703339408127,
Hellstugubreen,1996-01-01,-1.5620313181760554,-1.5620313181760554,,-0.794847314144028,
Hellstugubreen,1997-01-01,0.2374809198515237,0.2374809198515237,,-0.1898644685206047,
Hellstugubreen,1998-01-01,-0.24135021849159646,-0.24135021849159646,,0.06706591771983238,
Hellstugubreen,1999-01-01,0.6244147341381552,0.6244147341381552,,0.12046268251593667,
Hellstugubreen,2000-01-01,0.8178816412814726,0.8178816412814726,,0.5963370054171309,
Hellstugubreen,2001-01-01,-0.8187961309549548,-0.8187961309549548,,-0.38240202420519803,
Hellstugubreen,2002-01-01,-0.40122987531616067,-0.40122987531616067,,0.1233457169676303,
Hellstugubreen,2003-01-01,-1.2909098192343238,-1.2909098192343238,,0.3748652018499959,
Hellstugubreen,2004-01-01,-1.5082917176660524,-1.5082917176660524,,-0.23192763618370948,
Hellstugubreen,2005-01-01,1.075568240095703,1.075568240095703,,0.8495942888543059,
Hellstugubreen,2006-01-01,-1.233407577627161,-1.233407577627161,,0.04915547627332351,
Hellstugubreen,2007-01-01,-0.1061933850860155,-0.1061933850860155,,0.6647883911380501,
Hellstugubreen,2008-01-01,1.3571698301983457,1.3571698301983457,,0.5308485908295651,
Hellstugubreen,2009-01-01,0.9156885832711387,0.9156885832711387,,0.04781539732541475,
Hellstugubreen,2010-01-01,-1.1318379945403314,-1.1318379945403314,,-0.8401734379536192,
Hellstugubreen,2011-01-01,-0.8263214131492765,,-0.8263214131492765,,-0.24551389681330207
Hellstugubreen,2012-01-01,0.5996919107191718,,0.5996919107191718,,0.09574217397602279
Hellstugubreen,2013-01-01,0.008811098128312248,,0.008811098128312248,,-0.4913555707759329
Hellstugubreen,2014-01-01,0.23962789668754278,,0.23962789668754278,,-0.03617223155029143
Hellstugubreen,2015-01-01,0.6198442609104234,,0.6198442609104234,,0.5911986169294211
Hellstugubreen,2016-01-01,0.6265617109741733,,0.6265617109741733,,-0.16557948901781677
Hellstugubreen,2017-01-01,-1.1595156269259062,,-1.1595156269259062,,-0.0979721218750015
Hellstugubreen,2018-01-01,-0.5178500227916315,,-0.5178500227916315,,0.22014056005722768
Hellstugubreen,2019-01-01,-1.6316293152052752,,-1.6316293152052752,,-0.01774724334900473
Hellstugubreen,2020-01-01,1.2883796652996977,,1.2883796652996977,,0.8474400721243492
Hellstugubreen,2021-01-01,0.2493001557178827,,0.2493001557178827,,-0.877180678346122
Hellstugubreen,2022-01-01,-0.864479136695761,,-0.864479136695761,,0.5750162001088259
Langfjordjokelen,1989-01-01,0.4056012218283244,0.4056012218283244,,0.24495644130200636,
Langfjordjokelen,1990-01-01,0.9437792159894451,0.9437792159894451,,-0.4082946474258428,
Langfjordjokelen,1991-01-01,0.12418242443118867,0.12418242443118867,,-0.19816989245263794,
Langfjordjokelen,1992-01-01,0.9243871316258772,0.9243871316258772,,0.8777580626009431,
Langfjordjokelen,1993-01-01,0.7241262072378631,0.7241262072378631,,0.09571485350632152,
Langfjordjokelen,1996-01-01,0.1471640443496023,0.1471640443496023,,-0.5480337807187792,
Langfjordjokelen,1997-01-01,1.4237809570598607,1.4237809570598607,,0.6684984896747063,
Langfjordjokelen,1998-01-01,-0.8488730613208854,-0.8488730613208854,,-0.06576529040412203,
Langfjordjokelen,1999-01-01,-1.9543171761884797,-1.9543171761884797,,-0.7945109504019191,
Langfjordjokelen,2000-01-01,0.9182806249989361,0.9182806249989361,,-0.16512024314849083,
Langfjordjokelen,2001-01-01,-1.6164001064153741,-1.6164001064153741,,-0.23250315511074318,
Langfjordjokelen,2002-01-01,0.5415793864986904,0.5415793864986904,,0.7180399650113859,
Langfjordjokelen,2003-01-01,0.7462688367989113,0.7462688367989113,,0.3972400963280715,
Langfjordjokelen,2004-01-01,-0.7403050424811394,-0.7403050424811394,,-0.6671774587871827,
Langfjordjokelen,2005-01-01,-0.3926919305262477,-0.3926919305262477,,-0.7390718723456752,
Langfjordjokelen,2006-01-01,-1.712521537875849,-1.712521537875849,,-0.7263327552908737,
Langfjordjokelen,2007-01-01,0.11196941117731204,0.11196941117731204,,0.42230964917675884,
Langfjordjokelen,2008-01-01,-1.2316808064480715,-1.2316808064480715,,-0.4618317931108477,
Langfjordjokelen,2009-01-01,-0.3838348787018265,-0.3838348787018265,,-0.298478286864153,
Langfjordjokelen,2010-01-01,-0.4649927517109482,-0.4649927517109482,,-0.453725261211736,
Langfjordjokelen,2011-01-01,0.5257768376899681,,0.5257768376899681,,0.08518477627767353
Langfjordjokelen,2012-01-01,-1.6754153498634423,,-1.6754153498634423,,-0.654023302300511
Langfjordjokelen,2013-01-01,0.029972547810825895,,0.029972547810825895,,0.03178729688481679
Langfjordjokelen,2014-01-01,0.7825360344539573,,0.7825360344539573,,-1.1824629056883857
Langfjordjokelen,2015-01-01,-0.32290808041364183,,-0.32290808041364183,,-0.4772218904322954
Langfjordjokelen,2016-01-01,-0.7851957178352157,,-0.7851957178352157,,-0.3331933697486704
Langfjordjokelen,2017-01-01,0.1817532612899184,,0.1817532612899184,,0.04426542883764251
Langfjordjokelen,2018-01-01,-1.18571756661124,,-1.18571756661124,,-0.49989382975311186
Langfjordjokelen,2019-01-01,1.1390061982332695,,1.1390061982332695,,0.1668987819693143
Langfjordjokelen,2020-01-01,1.7010048026701694,,1.7010048026701694,,0.13501402448508273
Langfjordjokelen,2021-01-01,0.42881641587212516,,0.42881641587212516,,-0.39018857615143027
Langfjordjokelen,2022-01-01,1.514868446376151,,1.514868446376151,,0.6646949831283684
Nigardsbreen,1962-01-01,0.049763382486279865,0.049763382486279865,,0.12030080439375801,
Nigardsbreen,1963-01-01,-0.5975104166968632,-0.5975104166968632,,-0.386033773604543,
Nigardsbreen,1964-01-01,-0.2583031531133846,-0.2583031531133846,,0.3260978020296826,
Nigardsbreen,1965-01-01,-0.3252939741985184,-0.3252939741985184,,-0.4869848869416306,
Nigardsbreen,1966-01-01,-0.7017690502692556,-0.7017690502692556,,-0.7220480521048752,
Nigardsbreen,1967-01-01,1.687771402593869,1.687771402593869,,-0.18136855713660507,
Nigardsbreen,1968-01-01,0.7310133484251158,0.7310133484251158,,0.40417661258368137,
Nigardsbreen,1969-01-01,-0.8253704497782485,-0.8253704497782485,,-0.3903056004466827,
Nigardsbreen,1970-01-01,-0.8923612708633789,-0.8923612708633789,,-0.8469736029467397,
Nigardsbreen,1971-01-01,0.08515726862791077,0.08515726862791077,,-0.14603977070743246,
Nigardsbreen,1972-01-01,-0.6588303602382346,-0.6588303602382346,,-0.6838394283890263,
Nigardsbreen,1973-01-01,0.6475152001752662,0.6475152001752662,,0.07446090184610978,
Nigardsbreen,1974-01-01,-0.40595668367649024,-0.40595668367649024,,0.20881428216412556,
Nigardsbreen,1975-01-01,0.5522190898782029,0.5522190898782029,,0.652597356928356,
Nigardsbreen,1976-01-01,1.3943382678132927,1.3943382678132927,,0.19942254706892312,
Nigardsbreen,1977-01-01,-1.2839259547128998,-1.2839259547128998,,-0.8182331565818055,
Nigardsbreen,1978-01-01,-0.30640741522160675,-0.30640741522160675,,0.09872529072347225,
Nigardsbreen,1979-01-01,0.5163689967768832,0.5163689967768832,,-0.9091790611960056,
Nigardsbreen,1980-01-01,-0.7885588442506787,-0.7885588442506787,,-0.6258095292576221,
Nigardsbreen,1981-01-01,0.03421756774781082,0.03421756774781082,,0.4978520573769845,
Nigardsbreen,1982-01-01,-0.5743706995621318,-0.5743706995621318,,-0.24115180739287964,
Nigardsbreen,1983-01-01,1.4669999664421853,1.4669999664421853,,1.466696882856698,
Nigardsbreen,1984-01-01,0.5876129760198338,0.5876129760198338,,-0.28497650617016934,
Nigardsbreen,1985-01-01,-1.1428557156129342,-1.1428557156129342,,-0.6571597668770001,
Nigardsbreen,1986-01-01,-1.6547301532398746,-1.6547301532398746,,-0.6638008550673992,
Nigardsbreen,1987-01-01,0.5220398743206422,0.5220398743206422,,-0.45098959938404665,
Nigardsbreen,1988-01-01,-0.24129052048210398,-0.24129052048210398,,-0.27487001771623704,
Nigardsbreen,1989-01-01,2.225620996127422,2.225620996127422,,1.7561876282126196,
Nigardsbreen,1990-01-01,2.1779729409788886,2.1779729409788886,,0.7210860975006984,
Nigardsbreen,1991-01-01,-0.8291183024695072,-0.8291183024695072,,0.019480838434296543,
Nigardsbreen,1992-01-01,0.8447398107394016,0.8447398107394016,,1.1023995509527855,
Nigardsbreen,1993-01-01,0.5649785643516628,0.5649785643516628,,0.9094596102370254,
Nigardsbreen,1994-01-01,-0.4304650216902888,-0.4304650216902888,,0.1725162970548559,
Nigardsbreen,1995-01-01,1.1853647937088192,1.1853647937088192,,0.08149773536442997,
Nigardsbreen,1996-01-01,-1.918440279422583,-1.918440279422583,,-1.3448488513832382,
Nigardsbreen,1997-01-01,0.3937291096941405,0.3937291096941405,,0.12818849942018729,
Nigardsbreen,1998-01-01,0.07528233143320422,0.07528233143320422,,-0.07581995340153075,
Nigardsbreen,1999-01-01,-0.08842231933493189,-0.08842231933493189,,-0.19689550854987867,
Nigardsbreen,2000-01-01,1.6821496235569788,1.6821496235569788,,0.8542127153934834,
Nigardsbreen,2001-01-01,-1.1121711945888126,-1.1121711945888126,,-0.8775235538328402,
Nigardsbreen,2002-01-01,-0.057281591351117274,-0.057281591351117274,,0.25225978617191974,
Nigardsbreen,2003-01-01,-1.5169515598714827,-1.5169515598714827,,0.46012651135985383,
Nigardsbreen,2004-01-01,-0.8682600413023969,-0.8682600413023969,,-0.5908155654927641,
Nigardsbreen,2005-01-01,0.8442836037797129,0.8442836037797129,,0.9050115317870269,
Nigardsbreen,2006-01-01,-1.2730404065850676,-1.2730404065850676,,-0.032349123936793824,
Nigardsbreen,2007-01-01,1.0971572803414569,1.0971572803414569,,0.9022095366765392,
Nigardsbreen,2008-01-01,1.0108236933197259,1.0108236933197259,,0.277180147050412,
Nigardsbreen,2009-01-01,-0.50687457301044,-0.50687457301044,,-0.32767506890216763,
Nigardsbreen,2010-01-01,-1.8311451799745984,-1.8311451799745984,,-1.0878544683471372,
Nigardsbreen,2011-01-01,-1.1244253635957118,,-1.1244253635957118,,0.07327657473351006
Nigardsbreen,2012-01-01,0.7622031749157984,,0.7622031749157984,,-0.09490519820208022
Nigardsbreen,2013-01-01,-0.03981275176014877,,-0.03981275176014877,,-0.7076399913052817
Nigardsbreen,2014-01-01,0.415451107442933,,0.415451107442933,,-0.8898171104479569
Nigardsbreen,2015-01-01,0.8707149666460104,,0.8707149666460104,,0.5234983725749208
Nigardsbreen,2016-01-01,0.4942398905752733,,0.4942398905752733,,-0.22356909221739
Nigardsbreen,2017-01-01,-0.7526596526424834,,-0.7526596526424834,,0.08384858493185045
Nigardsbreen,2018-01-01,-0.2587102615662045,,-0.2587102615662045,,-0.10302452052835953
Nigardsbreen,2019-01-01,-0.9446695926225486,,-0.9446695926225486,,0.04264472333349456
Nigardsbreen,2020-01-01,1.7156695833529825,,1.7156695833529825,,1.1079307997213756
Nigardsbreen,2021-01-01,-0.827195277617004,,-0.827195277617004,,-1.042220099133819
Nigardsbreen,2022-01-01,0.4017792190500912,,0.4017792190500912,,1.09419556587621
Rembesdalskaka,1963-01-01,-1.0643369467768589,-1.0643369467768589,,-0.4430359633552406,
Rembesdalskaka,1964-01-01,-0.7682800060479669,-0.7682800060479669,,0.47172293991436526,
Rembesdalskaka,1965-01-01,-0.0372338717059653,-0.0372338717059653,,-0.44646956064174065,
Rembesdalskaka,1966-01-01,-0.8141502752227515,-0.8141502752227515,,-0.9286269201540615,
Rembesdalskaka,1967-01-01,0.7578749667712681,0.7578749667712681,,-0.3377409520277855,
Rembesdalskaka,1968-01-01,1.0829311870743672,1.0829311870743672,,0.1504048836182986,
Rembesdalskaka,1969-01-01,-1.259946313449625,-1.259946313449625,,-0.9674796106334332,
Rembesdalskaka,1970-01-01,-0.9493897329336322,-0.9493897329336322,,-0.9674775928630783,
Rembesdalskaka,1971-01-01,0.013650638002032289,0.013650638002032289,,-0.27006537314494405,
Rembesdalskaka,1972-01-01,-0.24127873317902135,-0.24127873317902135,,-1.106613843990573,
Rembesdalskaka,1973-01-01,0.9682555141374072,0.9682555141374072,,0.02306190110418675,
Rembesdalskaka,1974-01-01,-0.06965440554724978,-0.06965440554724978,,-0.22676364793748927,
Rembesdalskaka,1975-01-01,0.41489785241399085,0.41489785241399085,,0.5914034280114591,
Rembesdalskaka,1976-01-01,0.696455153355779,0.696455153355779,,0.4906996529902843,
Rembesdalskaka,1977-01-01,-1.1534345944066886,-1.1534345944066886,,-0.742504761984159,
Rembesdalskaka,1978-01-01,-0.26289242240654265,-0.26289242240654265,,-0.12432733063739398,
Rembesdalskaka,1979-01-01,0.5986504700193929,0.5986504700193929,,-0.7119633952463841,
Rembesdalskaka,1980-01-01,-0.7872508045557515,-0.7872508045557515,,-0.6630291922726644,
Rembesdalskaka,1981-01-01,0.9442704750964097,0.9442704750964097,,0.5463596794060166,
Rembesdalskaka,1982-01-01,-0.8766199930918475,-0.8766199930918475,,-0.16822045867629845,
Rembesdalskaka,1983-01-01,2.522359862077249,2.522359862077249,,1.6828878952800839,
Rembesdalskaka,1984-01-01,0.048985603469319634,0.048985603469319634,,-0.11911829087378423,
Rembesdalskaka,1985-01-01,-0.5974340419635327,-0.5974340419635327,,-0.730590708206215,
Rembesdalskaka,1986-01-01,-0.7943648539961715,-0.7943648539961715,,-0.3999263928655738,
Rembesdalskaka,1987-01-01,0.08167767821687032,0.08167767821687032,,-0.2477528362382421,
Rembesdalskaka,1988-01-01,-0.6082408865772958,-0.6082408865772958,,-0.4711257514819008,
Rembesdalskaka,1989-01-01,2.0947562588108197,2.0947562588108197,,1.7249870260052609,
Rembesdalskaka,1990-01-01,2.3328146403912964,2.3328146403912964,,0.674833650802316,
Rembesdalskaka,1991-01-01,-0.778543768849198,-0.778543768849198,,0.1766396337465064,
Rembesdalskaka,1992-01-01,2.1129486937712665,2.1129486937712665,,1.1761713107332645,
Rembesdalskaka,1993-01-01,1.0895384138737132,1.0895384138737132,,1.4210874095378259,
Rembesdalskaka,1994-01-01,-0.3978603392111571,-0.3978603392111571,,0.15879051797282306,
Rembesdalskaka,1995-01-01,0.5361807521502976,0.5361807521502976,,0.08155780367780793,
Rembesdalskaka,1996-01-01,-1.7776974687994878,-1.7776974687994878,,-1.1984386307245511,
Rembesdalskaka,1997-01-01,0.9397993163757321,0.9397993163757321,,0.2910040389689063,
Rembesdalskaka,1998-01-01,0.17738255264604674,0.17738255264604674,,-0.1702246640634805,
Rembesdalskaka,1999-01-01,-0.41103853363839105,-0.41103853363839105,,-0.09928899648179161,
Rembesdalskaka,2000-01-01,0.7694964341038274,0.7694964341038274,,0.9533807091781258,
Rembesdalskaka,2001-01-01,-1.5733810664201653,-1.5733810664201653,,-0.6307270456038858,
Rembesdalskaka,2002-01-01,0.10014165408358344,0.10014165408358344,,0.4651925240198778,
Rembesdalskaka,2003-01-01,-1.372757459214186,-1.372757459214186,,0.4802814056404699,
Rembesdalskaka,2004-01-01,-0.685210244233493,-0.685210244233493,,-0.7431753588192226,
Rembesdalskaka,2005-01-01,0.5823225622313482,0.5823225622313482,,1.063316210947492,
Rembesdalskaka,2006-01-01,-1.9490502555249931,-1.9490502555249931,,-0.29041856411354744,
Rembesdalskaka,2007-01-01,0.9859411264567801,0.9859411264567801,,0.9831181110874679,
Rembesdalskaka,2008-01-01,0.3105222014497199,0.3105222014497199,,0.1456617635333571,
Rembesdalskaka,2009-01-01,-0.03140500845395376,-0.03140500845395376,,-0.12659115202110968,
Rembesdalskaka,2010-01-01,-1.48980448196462,-1.48980448196462,,-1.0102680023096722,
Rembesdalskaka,2011-01-01,-0.07727527762873844,,-0.07727527762873844,,-0.030331266466189114
Rembesdalskaka,2012-01-01,0.6827701362874706,,0.6827701362874706,,-0.05892655132047262
Rembesdalskaka,2013-01-01,-0.8336278963716073,,-0.8336278963716073,,-0.3157537377696726
Rembesdalskaka,2014-01-01,-0.030083563094086878,,-0.030083563094086878,,-1.4002077301892621
Rembesdalskaka,2015-01-01,1.164951044435238,,1.164951044435238,,0.6572012479465316
Rembesdalskaka,2016-01-01,0.05454292581506529,,0.05454292581506529,,-0.37749349342514793
Rembesdalskaka,2017-01-01,0.07510671058898234,,0.07510671058898234,,0.25322789486243247
Rembesdalskaka,2018-01-01,-0.397317257398625,,-0.397317257398625,,-0.22319972687955536
Rembesdalskaka,2019-01-01,-0.6812459081538862,,-0.6812459081538862,,-0.048355842066487
Rembesdalskaka,2020-01-01,1.1807721295822116,,1.1807721295822116,,1.1755515174176623
Rembesdalskaka,2021-01-01,-0.6836172579673595,,-0.6836172579673595,,-0.732311846729102
Rembesdalskaka,2022-01-01,0.13442671509726753,,0.13442671509726753,,0.9532489093212577
Storbreen,1950-01-01,0.2660597607001959,0.2660597607001959,,-0.10892187764003798,
Storbreen,1951-01-01,-0.8201576186370267,-0.8201576186370267,,-0.34071784539044453,
Storbreen,1952-01-01,0.04464763660813567,0.04464763660813567,,-0.08717743279923734,
Storbreen,1953-01-01,-0.06605842543789474,-0.06605842543789474,,0.49333225072594517,
Storbreen,1954-01-01,-0.5948407663230069,-0.5948407663230069,,-0.3397081102124249,
Storbreen,1955-01-01,0.4093232485351838,0.4093232485351838,,0.07311181103100255,
Storbreen,1956-01-01,-0.3145613558081675,-0.3145613558081675,,-0.15651592766552622,
Storbreen,1957-01-01,-0.0071911390151156735,-0.0071911390151156735,,0.5564676704524625,
Storbreen,1958-01-01,0.32805082970054295,0.32805082970054295,,0.04104825965383948,
Storbreen,1959-01-01,-0.9811405650175232,-0.9811405650175232,,-0.30432992798097686,
Storbreen,1960-01-01,-1.2312053866765813,-1.2312053866765813,,-0.5110719653678059,
Storbreen,1961-01-01,-0.8959634179609233,-0.8959634179609233,,-0.4538832713742802,
Storbreen,1962-01-01,0.33117461227811096,0.33117461227811096,,0.0025985578559668543,
Storbreen,1963-01-01,-1.2846060535886161,-1.2846060535886161,,-0.6845281089649798,
Storbreen,1964-01-01,-0.7263900694921144,-0.7263900694921144,,-0.001330009874444348,
Storbreen,1965-01-01,0.3335174492112867,0.3335174492112867,,-0.3314800454633138,
Storbreen,1966-01-01,-0.4739824108998807,-0.4739824108998807,,-0.8574078831116091,
Storbreen,1967-01-01,1.3105906577912636,1.3105906577912636,,-0.38242679475372526,
Storbreen,1968-01-01,0.6145778053705176,0.6145778053705176,,0.340877194255581,
Storbreen,1969-01-01,-0.5552548297345216,-0.5552548297345216,,-0.3309588049411998,
Storbreen,1970-01-01,-1.2512676821552668,-1.2512676821552668,,-0.8611315612803255,
Storbreen,1971-01-01,0.11522910769679509,0.11522910769679509,,-0.14046876940546196,
Storbreen,1972-01-01,-0.0790922101170519,-0.0790922101170519,,-0.6136225320842268,
Storbreen,1973-01-01,0.17253450283078953,0.17253450283078953,,0.10406773349671049,
Storbreen,1974-01-01,-0.4398630938221391,-0.4398630938221391,,0.44591442833430595,
Storbreen,1975-01-01,0.36919865757781284,0.36919865757781284,,0.8073444918445564,
Storbreen,1976-01-01,1.0946451532099477,1.0946451532099477,,0.21627984873972492,
Storbreen,1977-01-01,-1.3294163184123398,-1.3294163184123398,,-0.8220344429959251,
Storbreen,1978-01-01,-0.4367393112445711,-0.4367393112445711,,0.15804321457598905,
Storbreen,1979-01-01,0.37232244015538085,0.37232244015538085,,-0.8551543975831767,
Storbreen,1980-01-01,-1.1877147218661357,-1.1877147218661357,,-0.6803005843829829,
Storbreen,1981-01-01,-0.3229094666209733,-0.3229094666209733,,0.3628491173976645,
Storbreen,1982-01-01,-0.37787202482179205,-0.37787202482179205,,-0.41390158724360954,
Storbreen,1983-01-01,1.3509575400241411,1.3509575400241411,,1.3947572545374607,
Storbreen,1984-01-01,0.7943034472164229,0.7943034472164229,,0.01954363335471626,
Storbreen,1985-01-01,-0.5985032032694606,-0.5985032032694606,,-0.8588123838905796,
Storbreen,1986-01-01,-1.0157985364641506,-1.0157985364641506,,-0.5432714389161609,
Storbreen,1987-01-01,0.37857000531051627,0.37857000531051627,,-0.8023361452428738,
Storbreen,1988-01-01,0.1006334317288533,0.1006334317288533,,0.021082015018727696,
Storbreen,1989-01-01,2.4705132907947123,2.4705132907947123,,1.7005818504647792,
Storbreen,1990-01-01,3.30744679411727,3.30744679411727,,0.8019611384528137,
Storbreen,1991-01-01,-0.37084351402226434,-0.37084351402226434,,0.110406462323369,
Storbreen,1992-01-01,0.5775769969907153,0.5775769969907153,,0.8447498292783681,
Storbreen,1993-01-01,1.135792981087217,1.135792981087217,,1.1642401024352338,
Storbreen,1994-01-01,0.3282931209760489,0.3282931209760489,,0.2870508109943317,
Storbreen,1995-01-01,1.0537396166081843,1.0537396166081843,,0.26444454128182304,
Storbreen,1996-01-01,-1.6211676223175517,-1.6211676223175517,,-1.024578045124178,
Storbreen,1997-01-01,0.9995580040517573,0.9995580040517573,,-0.008968394103501162,
Storbreen,1998-01-01,0.387160407398828,0.387160407398828,,-0.05600897661126989,
Storbreen,1999-01-01,0.722402376114486,0.722402376114486,,0.04339744484588426,
Storbreen,2000-01-01,1.7544381428952822,1.7544381428952822,,0.7828624750072898,
Storbreen,2001-01-01,-1.0319561037208764,-1.0319561037208764,,-0.5959737613111861,
Storbreen,2002-01-01,-0.891816398463457,-0.891816398463457,,0.19746399636180892,
Storbreen,2003-01-01,-0.9467789566642757,-0.9467789566642757,,0.3886309473630572,
Storbreen,2004-01-01,-1.2247155302459387,-1.2247155302459387,,-0.39529191903866984,
Storbreen,2005-01-01,1.0058055692068932,1.0058055692068932,,0.973329999880432,
Storbreen,2006-01-01,-1.6691016697188432,-1.6691016697188432,,0.09537296891354763,
Storbreen,2007-01-01,-0.30260487986678125,-0.30260487986678125,,0.6929984083487423,
Storbreen,2008-01-01,1.3704811811339408,1.3704811811339408,,0.43809126067899934,
Storbreen,2009-01-01,0.5351095691001679,0.5351095691001679,,-0.013272071934112806,
Storbreen,2010-01-01,-1.7217213909864861,-1.7217213909864861,,-0.983895038187213,
Storbreen,2011-01-01,-1.163505406889984,,-1.163505406889984,,-0.21033854095393809
Storbreen,2012-01-01,0.7604264214141879,,0.7604264214141879,,-0.022210336077354804
Storbreen,2013-01-01,-0.2700474540778237,,-0.2700474540778237,,-0.6177236231298943
Storbreen,2014-01-01,0.4553990415543111,,0.4553990415543111,,-0.4932453408714517
Storbreen,2015-01-01,0.31682122758567577,,0.31682122758567577,,0.6225466752235058
Storbreen,2016-01-01,-0.8530114075193628,,-0.8530114075193628,,-0.2942673588115538
Storbreen,2017-01-01,-0.6571281984167331,,-0.6571281984167331,,-0.009990072952758671
Storbreen,2018-01-01,-0.3776297335462861,,-0.3776297335462861,,0.010927981030083406
Storbreen,2019-01-01,-1.0736425859670313,,-1.0736425859670313,,-0.20932313469222721
Storbreen,2020-01-01,1.4634677846344615,,1.4634677846344615,,1.17524952037547
Storbreen,2021-01-01,-0.0965693773870545,,-0.0965693773870545,,-1.0357966398905614
Storbreen,2022-01-01,-0.15153193558787387,,-0.15153193558787387,,0.7042017430532819
